,X50_mean,X50_median,chr
snp_17_15464147,-0.13804879784584045,-0.11831656843423843,17
snp_21_11058226,-0.0851999893784523,-0.07339511066675186,21
snp_16_19717582,-0.08479657024145126,-0.053873542696237564,16
snp_9_32730792,-0.06133318319916725,-0.05094124376773834,9
snp_11_68894909,-0.059169065207242966,-0.05352870374917984,11
snp_16_82889990,-0.058250993490219116,-0.04751286655664444,16
snp_11_89308027,-0.05334160476922989,-0.04004828631877899,11
snp_14_32979670,-0.05152610316872597,-0.041592471301555634,14
snp_1_152255404,0.05021139979362488,0.02068985439836979,1
snp_1_152285789,0.050263792276382446,0.024537045508623123,1
snp_16_9621251,0.051460109651088715,0.034881219267845154,16
snp_7_129408594,0.052126288414001465,0.0461406372487545,7
snp_5_71064155,0.052293647080659866,0.03748719021677971,5
snp_5_126026009,0.053080927580595016,0.04297541826963425,5
snp_19_32424928,0.05309233069419861,0.024269601330161095,19
snp_3_3745392,0.05325416103005409,0.02868727222084999,3
snp_15_62833740,0.05347048118710518,0.03728578984737396,15
snp_1_38934871,0.05442138761281967,0.03578248992562294,1
snp_1_38934792,0.05479241907596588,0.04435723274946213,1
snp_13_100003066,0.05507658049464226,0.03637544810771942,13
snp_3_75764437,0.055207330733537674,0.04732828587293625,3
snp_4_13693978,0.05595948547124863,0.0455479696393013,4
snp_2_83681303,0.05643472075462341,0.03881065174937248,2
snp_16_62783842,0.056713346391916275,0.033934690058231354,16
snp_1_24057357,0.05726806819438934,0.042835988104343414,1
snp_11_61778091,0.05810512602329254,0.05170625448226929,11
snp_3_101226767,0.06017984822392464,0.04001157358288765,3
snp_10_123125444,0.06043275445699692,0.03843291103839874,10
snp_16_9628891,0.06152739003300667,0.039773520082235336,16
snp_6_36344829,0.061644259840250015,0.03254072740674019,6
snp_5_126021935,0.06240857020020485,0.045464906841516495,5
snp_16_2394832,0.0625872015953064,0.05081140622496605,16
snp_10_56485658,0.0635177344083786,0.054514266550540924,10
snp_4_189363499,0.06398863345384598,0.0402449369430542,4
snp_3_96250606,0.06522143632173538,0.0554233118891716,3
snp_4_172578583,0.06542652100324631,0.03924165293574333,4
snp_19_32543912,0.06548625230789185,0.032233502715826035,19
snp_5_12995938,0.066095732152462,0.045430101454257965,5
snp_19_32504936,0.06712935119867325,0.034797586500644684,19
snp_5_127750603,0.06758047640323639,0.039855293929576874,5
snp_1_28261682,0.06782884150743484,0.0361407995223999,1
snp_5_75230977,0.06801348924636841,0.052718959748744965,5
snp_13_100042644,0.0680222138762474,0.05197242647409439,13
snp_5_81360433,0.06912307441234589,0.05781082063913345,5
snp_10_51948737,0.06924345344305038,0.055464595556259155,10
snp_5_127815045,0.06987863779067993,0.044322676956653595,5
snp_1_28265165,0.07117034494876862,0.0350826159119606,1
snp_10_132976716,0.07127480953931808,0.057702235877513885,10
snp_6_21606648,0.07354086637496948,0.058392785489559174,6
snp_7_10411201,0.07402680814266205,0.05816906690597534,7
snp_5_38722363,0.0744362398982048,0.06788218021392822,5
snp_5_10882426,0.07497328519821167,0.061480894684791565,5
snp_1_156839022,0.07501698285341263,0.06116747483611107,1
snp_8_4039697,0.07697559893131256,0.05769437551498413,8
snp_4_125261530,0.07710879296064377,0.0601910799741745,4
snp_17_72720155,0.07754381000995636,0.059139762073755264,17
snp_10_108808535,0.07755455374717712,0.05669780075550079,10
snp_3_40632555,0.07779242098331451,0.06785893440246582,3
snp_6_78992097,0.08286277949810028,0.06648590415716171,6
snp_9_140296542,0.08346827328205109,0.07103835046291351,9
snp_16_22835324,0.083659328520298,0.056962452828884125,16
snp_13_24718135,0.08501037210226059,0.06628379970788956,13
snp_9_1686060,0.08798447996377945,0.07130926102399826,9
snp_11_2858547,0.08815323561429977,0.055984221398830414,11
snp_7_78732800,0.08824248611927032,0.07069390267133713,7
snp_13_74682115,0.09024953842163086,0.05625312775373459,13
snp_2_193301036,0.09110137075185776,0.08550071716308594,2
snp_18_21655669,0.09140396863222122,0.0630849301815033,18
snp_18_77365992,0.09196002036333084,0.0799686461687088,18
snp_11_97227369,0.09334377199411392,0.0785960853099823,11
snp_19_45860157,0.095707006752491,0.06456421315670013,19
snp_9_27901523,0.09845485538244247,0.0848192349076271,9
snp_1_149408204,0.09978033602237701,0.06037882715463638,1
snp_16_83680776,0.10065418481826782,0.07784081250429153,16
snp_10_116532517,0.1007380560040474,0.06516299396753311,10
snp_7_38477073,0.10208778083324432,0.08679356426000595,7
snp_6_119078646,0.10227203369140625,0.08103329688310623,6
snp_1_28168031,0.10357186198234558,0.0617247000336647,1
snp_3_74931582,0.1058807224035263,0.0788431316614151,3
snp_20_32074430,0.10732284188270569,0.09398128092288971,20
snp_1_28174526,0.10824135690927505,0.07440191507339478,1
snp_3_75105173,0.11071913689374924,0.08004108816385269,3
snp_5_109351989,0.11200223118066788,0.09725500643253326,5
snp_7_156787327,0.11215175688266754,0.101750448346138,7
snp_21_34424410,0.11326342076063156,0.07465457916259766,21
snp_18_56742728,0.11528736352920532,0.09767688810825348,18
snp_7_76792320,0.1156773567199707,0.09083519876003265,7
snp_4_138909352,0.11624005436897278,0.09757082164287567,4
snp_4_172986805,0.11642542481422424,0.10166975855827332,4
snp_4_95889514,0.12205576151609421,0.09835542738437653,4
snp_21_18746599,0.1224585622549057,0.07516971230506897,21
snp_6_170653258,0.12314043939113617,0.09864816069602966,6
snp_5_69380555,0.12354244291782379,0.10497710853815079,5
snp_14_36490375,0.124128058552742,0.0855337381362915,14
snp_8_37417160,0.12606015801429749,0.08419479429721832,8
snp_3_123912059,0.12717938423156738,0.1091490387916565,3
snp_3_75343128,0.1281297355890274,0.09177202731370926,3
snp_1_26921907,0.12990739941596985,0.11111500859260559,1
snp_6_120756365,0.13315100967884064,0.11828888952732086,6
snp_4_174916149,0.13511188328266144,0.12422996759414673,4
snp_8_23479247,0.13619264960289001,0.1260148584842682,8
snp_8_37202618,0.1406460851430893,0.12247343361377716,8
snp_13_77010027,0.14209383726119995,0.1277380883693695,13
snp_2_77748781,0.14352230727672577,0.12351509928703308,2
snp_1_83758864,0.14730887115001678,0.11131744086742401,1
snp_19_19365233,0.14751660823822021,0.126054048538208,19
snp_1_83758875,0.1477319896221161,0.0946759283542633,1
snp_19_23093093,0.1501121073961258,0.12565934658050537,19
snp_21_34506464,0.15278273820877075,0.13777191936969757,21
snp_1_10895904,0.16481156647205353,0.14091485738754272,1
snp_19_34109339,0.16520850360393524,0.1526307463645935,19
snp_2_98333598,0.16641394793987274,0.14566798508167267,2
snp_17_15868329,0.16809485852718353,0.1339288055896759,17
snp_13_26574243,0.17489641904830933,0.158237487077713,13
snp_3_5574766,0.1801081895828247,0.15692952275276184,3
snp_3_124845764,0.19552794098854065,0.16481202840805054,3
snp_11_120855337,0.2083834558725357,0.16707587242126465,11
snp_1_209147965,0.22236236929893494,0.19215764105319977,1
snp_10_15653813,0.23563912510871887,0.21404096484184265,10
snp_6_121073528,0.2942597568035126,0.27211177349090576,6
