,X50_mean,X50_median,chr,pos
snp_8_133462953,0.020973791953504593,0.0059929677051828514,8,133462953.0
snp_2_91635413,0.008972470704716178,0.003116503898729912,2,91635413.0
snp_9_25963828,0.014833127934597146,0.008253914993047612,9,25963828.0
snp_1_17764169,0.019219079409361184,0.008390298096249638,1,17764169.0
snp_12_41767967,-0.0029204363099368438,-0.0006743323903656204,12,41767967.0
snp_4_49530811,-0.018270932591483057,-0.011708937344152057,4,49530811.0
snp_2_96519717,0.005512743355910323,0.002356201543289237,2,96519717.0
snp_7_116910447,0.027725419545234945,0.01529884583506563,7,116910447.0
snp_18_56742728,0.10065841577565908,0.04362936877658739,18,56742728.0
snp_3_75912490,0.003166774106237301,0.0009644253429564887,3,75912490.0
snp_6_78992097,0.13747445835994898,0.08589562391359681,6,78992097.0
snp_7_78732800,0.07481047538210991,0.03402717842876763,7,78732800.0
snp_15_85468137,-0.02962669077809195,-0.01768466328565914,15,85468137.0
snp_13_19312573,0.0021968393960679986,9.444492929314061e-05,13,19312573.0
snp_14_24068020,0.003437827138835954,0.0005128912972612628,14,24068020.0
snp_9_140296542,0.15572783842900562,0.06957862597445072,9,140296542.0
snp_1_10890345,-0.019051246942323876,-0.010180813174958312,1,10890345.0
snp_3_75679619,0.011084672648342937,0.00626384210814311,3,75679619.0
snp_2_3319086,0.01264628211033138,0.00307569431871319,2,3319086.0
snp_2_209699852,0.012238803586755444,0.004543170460334561,2,209699852.0
snp_11_110920906,0.05146686423413716,0.008657313707709884,11,110920906.0
snp_1_154878500,-0.017168201341077594,-0.008467637662205558,1,154878500.0
snp_10_123125444,0.039575961564616347,0.01125308064831179,10,123125444.0
snp_1_121480527,0.006211723245806609,0.002023679258579371,1,121480527.0
snp_2_92322759,0.014791553276531264,0.00537881760020247,2,92322759.0
snp_3_33980894,0.08669160482432094,0.016830369629728958,3,33980894.0
snp_21_9675408,-0.027482530515121673,-0.01618538905493626,21,9675408.0
snp_19_45860157,0.0508507058155185,0.014491488412182648,19,45860157.0
snp_10_66790532,0.046520443177046025,0.005849400835258232,10,66790532.0
snp_10_2847215,0.06747053723578024,0.01572772270678277,10,2847215.0
snp_1_2621945,0.006771512482320955,0.0016938256704921448,1,2621945.0
snp_2_83681303,0.08278620048144096,0.04611209549291387,2,83681303.0
snp_18_29758507,0.018555635696097243,0.004332869721748038,18,29758507.0
snp_3_75790820,-0.03560521673844936,-0.02181967890758548,3,75790820.0
snp_3_74772047,0.046044357343460136,0.010859891703308248,3,74772047.0
snp_1_202143512,-0.01719510875719329,-0.01189245528691758,1,202143512.0
snp_20_29434600,-0.02198963828928284,-0.013228772068781742,20,29434600.0
snp_17_65191968,-0.010079827945939788,-0.004039605006111068,17,65191968.0
snp_17_20769690,-0.03468649623212431,-0.021947923140023785,17,20769690.0
snp_11_8222552,0.032981043105457866,0.012987661603668713,11,8222552.0
snp_10_42670060,-0.004353416232701255,-0.001633728405237348,10,42670060.0
snp_20_29430341,-0.014405511131467198,-0.0058146288671291815,20,29430341.0
snp_19_19365233,0.1155615193113534,0.04486563236616694,19,19365233.0
snp_9_46434422,0.03126970953467041,0.01886256644684526,9,46434422.0
snp_7_64570438,0.011992586682583697,0.00474895919909411,7,64570438.0
snp_6_95669569,0.024464162239134123,0.01283224689612834,6,95669569.0
snp_6_87719930,-0.0020436379255847673,2.3403779662294875e-05,6,87719930.0
snp_21_33452974,0.01871593421762463,0.008113640674060106,21,33452974.0
snp_9_130881114,-0.007653363578755179,-0.004266431377716167,9,130881114.0
snp_5_81360433,0.07598236330319884,0.03004509393939087,5,81360433.0
snp_5_75229506,0.026715857826247594,0.014070951535422167,5,75229506.0
snp_17_16067382,-0.005546522950521031,-0.0013760254311948107,17,16067382.0
snp_17_22066835,0.007244795479060625,0.0014443925772458842,17,22066835.0
snp_2_132769081,0.03004639452160196,0.018730615303551884,2,132769081.0
snp_10_113578542,-0.01798266794244477,-0.009638846785210757,10,113578542.0
snp_10_42389627,-0.002212882999371226,-0.0006955029359533688,10,42389627.0
snp_1_152255404,0.028301465738156416,0.009272239494020772,1,152255404.0
snp_9_68451543,-0.019976474686831436,-0.011195778563782826,9,68451543.0
snp_9_27901523,0.14382870473279716,0.06484215498692172,9,27901523.0
snp_3_50121995,0.020900691525006683,0.01193740394887187,3,50121995.0
snp_9_69876282,0.018970557193213448,0.008529079792345805,9,69876282.0
snp_20_4813598,0.07277386909106309,0.03331400657503212,20,4813598.0
snp_5_123618908,-0.024221064434130277,-0.01515846595070023,5,123618908.0
snp_1_121372560,-0.012043535061575909,-0.005089177308442189,1,121372560.0
snp_1_209147965,0.10945297126382249,0.04759086176997415,1,209147965.0
snp_7_151986763,-0.006455157692215809,-0.002750374497116248,7,151986763.0
snp_4_95889514,0.08221821078977935,0.029580946160654008,4,95889514.0
snp_8_46853023,0.008074188642808351,0.002217163696730623,8,46853023.0
snp_3_74676813,0.029258668055247666,0.006679626281364991,3,74676813.0
snp_4_49218918,-0.02018359867410933,-0.012289350628406876,4,49218918.0
snp_9_45352362,0.011907598171512983,0.005238053609548476,9,45352362.0
snp_9_68687665,0.00998444799087398,0.004401878867957851,9,68687665.0
snp_16_2007386,-0.006416154248912256,-0.0013482887977797901,16,2007386.0
snp_15_78153736,0.024120963543689214,0.007635251106397582,15,78153736.0
snp_9_69800646,0.01060395047318402,0.005167858296536442,9,69800646.0
snp_9_68435428,0.009616541897601602,0.003351696592235237,9,68435428.0
snp_10_63567742,0.0021799854698760944,0.0002167958071734917,10,63567742.0
snp_12_53195877,0.019524583508932748,0.011100585857141475,12,53195877.0
snp_16_9620341,0.058417647549399786,0.01951437002365347,16,9620341.0
snp_10_42646988,0.008515841193275107,0.0030610973147496582,10,42646988.0
snp_19_4035923,-0.013391031822946013,-0.005494182465172678,19,4035923.0
snp_5_93197031,-0.014299192313500887,-0.008876912996724278,5,93197031.0
snp_2_91765437,0.0007687771363342104,-6.0766333047150365e-06,2,91765437.0
snp_15_78361173,0.03567077997696195,0.010364454122394102,15,78361173.0
snp_4_115441933,-0.014178276956368993,-0.006995991507993228,4,115441933.0
snp_11_114760067,-0.005484222304259337,-0.0008845855180911004,11,114760067.0
snp_22_45280273,0.09005198834528066,0.04605768969154379,22,45280273.0
snp_11_2830565,-0.013009149863471983,-0.006945273385376853,11,2830565.0
snp_3_75343128,0.11947767831174146,0.04339680959977156,3,75343128.0
snp_3_35149197,0.01000936471321232,0.0033164908220326542,3,35149197.0
snp_3_86097067,0.025441342793733418,0.008767878056624562,3,86097067.0
snp_3_86097061,0.028770424528580127,0.01106218219131328,3,86097061.0
snp_7_61065157,-0.00821627513985516,-0.002914579608670014,7,61065157.0
snp_1_202130166,-0.025175971921975324,-0.015767226963945315,1,202130166.0
snp_9_69065706,0.0023157261419332656,0.0003821817500726841,9,69065706.0
snp_10_75909400,0.02281870634228667,0.008145208857240849,10,75909400.0
snp_12_27588216,-0.01694970122651446,-0.007729246143368462,12,27588216.0
snp_2_165591505,-0.028480048503200635,-0.019138494716994164,2,165591505.0
snp_4_190840249,-0.021069593066350537,-0.01321246561390912,4,190840249.0
snp_15_20356143,0.03210138415754821,0.019326931591487448,15,20356143.0
snp_6_170775637,0.01334359505134241,0.007281722686655024,6,170775637.0
snp_4_65223734,0.00016632976226653418,-0.000427942759350597,4,65223734.0
snp_7_142478530,-0.015755423690310435,-0.008240304717971176,7,142478530.0
snp_19_40937160,0.029843535384989007,0.008475925928074975,19,40937160.0
snp_5_137301920,0.044080307929604955,0.025134516983385764,5,137301920.0
snp_20_24831146,0.0008638635068530059,2.5377195609823194e-06,20,24831146.0
snp_4_68509113,0.03522602742668554,0.009318367860968228,4,68509113.0
snp_8_114920432,0.0036435096943222387,0.0014769902366969121,8,114920432.0
snp_9_21948639,0.061764337288922465,0.03595789400458339,9,21948639.0
snp_22_25226662,-0.01001512743084004,-0.002686877611672072,22,25226662.0
snp_22_25226663,-0.007767329800622172,-0.001986868074482944,22,25226663.0
snp_8_133434812,0.02929887086570351,0.00798727649721466,8,133434812.0
snp_6_31484732,-0.013333206205452426,-0.005429461196040049,6,31484732.0
snp_20_12203985,0.04065774482606874,0.01238959724080506,20,12203985.0
snp_10_94166253,0.07526226581955327,0.008806682179211805,10,94166253.0
snp_4_172578583,0.07952993943392937,0.022650475507259862,4,172578583.0
snp_19_4980982,0.0027936692819427855,0.00040152107974663687,19,4980982.0
snp_3_74931582,0.10589439758816092,0.05108953957619759,3,74931582.0
snp_1_143124805,-0.004593348758801407,-0.00216411138780592,1,143124805.0
snp_10_118897621,-0.01393986303486852,-0.00652292541461102,10,118897621.0
snp_1_202135137,-0.019818795136536598,-0.013780605657593127,1,202135137.0
snp_1_152285789,0.018953186851160146,0.006038610987185103,1,152285789.0
snp_2_166522930,-0.006435738598872329,-0.003845352528322528,2,166522930.0
snp_15_24591383,0.043786714829041104,0.023597564911254233,15,24591383.0
snp_10_132556328,0.008139860919632631,0.0013445597898504935,10,132556328.0
snp_2_83696199,0.08620583052393514,0.051199310849966456,2,83696199.0
snp_6_81512921,0.022590196629704108,0.00630088989998967,6,81512921.0
snp_20_10566682,0.039242638017555655,0.012206118846183299,20,10566682.0
snp_3_75803924,0.011500951885714051,0.005348457807415394,3,75803924.0
snp_17_25279151,-0.00839624400103567,-0.003908556606196207,17,25279151.0
snp_4_144896338,-0.01309827153118403,-0.005807853718215392,4,144896338.0
snp_3_75716961,0.03410778961871448,0.019908174463508815,3,75716961.0
snp_4_190860900,-0.014835019968955854,-0.009033793919003722,4,190860900.0
snp_4_49630246,-0.0030253914361816174,-0.00100511436367885,4,49630246.0
snp_22_18726055,0.008206536824017858,0.002365691099583545,22,18726055.0
snp_12_128030186,0.038734725024304556,0.022888333897978723,12,128030186.0
snp_10_132563999,0.00905282155252953,0.00146897235204503,10,132563999.0
snp_9_68468168,-0.018426264720881574,-0.010527968643050889,9,68468168.0
snp_20_25758251,-0.008795524754066156,-0.0035083667076706397,20,25758251.0
snp_3_191831331,-0.0003899004660584838,-0.0009142334333479672,3,191831331.0
snp_7_61971642,0.006723864469921588,0.002631117364202935,7,61971642.0
snp_3_86567571,0.024951086068918348,0.008259204558629624,3,86567571.0
snp_19_20749906,-0.012310724057198782,-0.0065844199133257295,19,20749906.0
snp_11_68902740,0.06106903070116595,0.03204099865092505,11,68902740.0
snp_10_5001653,-0.02351893613139931,-0.01592279307675889,10,5001653.0
snp_8_46852364,0.012150612007079483,0.005512489352067464,8,46852364.0
snp_3_3782668,0.09219336534761775,0.02405061808580696,3,3782668.0
snp_3_75903302,0.01275138314460801,0.006124366195769965,3,75903302.0
snp_15_71708610,-0.014606889049492781,-0.00505892800710433,15,71708610.0
snp_14_39509238,0.0016047084632360088,5.15636337684637e-05,14,39509238.0
snp_14_32979670,-0.041134820906760086,-0.024861860609131925,14,32979670.0
snp_1_88812727,-0.025113962749946497,-0.01570865833008884,1,88812727.0
snp_2_135589129,0.04109507285228772,0.02119435846765459,2,135589129.0
snp_15_24618453,0.018277318422579097,0.005941851481730867,15,24618453.0
snp_8_9167827,0.039786883110049055,0.008436944922260176,8,9167827.0
snp_3_45750731,0.06100255696895229,0.011504384935776574,3,45750731.0
snp_10_132560540,0.009310236820729375,0.0015197520041399703,10,132560540.0
snp_13_26574243,0.0951509329314162,0.04380247996781764,13,26574243.0
snp_6_57529708,0.012942735616668373,0.006490675163509362,6,57529708.0
snp_5_6971076,0.012986977768348288,0.005708253925828109,5,6971076.0
snp_20_62757785,0.0017995630716987276,-1.8238752900953945e-06,20,62757785.0
snp_4_49602599,0.009900362560123128,0.004917473488147852,4,49602599.0
snp_16_82889990,-0.060623899831866154,-0.03913497856313854,16,82889990.0
snp_6_95646228,0.03918197065050848,0.02315259100647645,6,95646228.0
snp_21_22610877,-0.0039011172705121487,-0.0012309696859651646,21,22610877.0
snp_18_14867120,0.006991387339588618,0.003250113490506499,18,14867120.0
snp_10_66809166,0.016601327128182096,0.0010423434818452133,10,66809166.0
snp_5_123738925,0.030898269888940746,0.013856025235862175,5,123738925.0
snp_12_105480313,-0.005433825290939122,-0.0023505652102860496,12,105480313.0
snp_17_20778848,0.01061514221561499,0.004554794101836654,17,20778848.0
snp_21_9497244,-0.017052359120273617,-0.010524215622033303,21,9497244.0
snp_3_3745392,0.06467091549877214,0.013429222375248582,3,3745392.0
snp_7_57613522,0.016084974404404786,0.008477080967044805,7,57613522.0
snp_2_209699874,0.009687645713383474,0.0041756063923842,2,209699874.0
snp_1_819858,0.005776560584801167,0.002349246316257848,1,819858.0
snp_3_124845764,0.13564945769872436,0.07076570460117412,3,124845764.0
snp_21_10153520,0.015111815754078897,0.0066531883369279595,21,10153520.0
snp_8_46853299,0.0028833181796577147,0.0009097619141536443,8,46853299.0
snp_7_38477073,0.09602061473593083,0.03102183083342344,7,38477073.0
snp_2_135721175,0.02144739239505162,0.0125870392952388,2,135721175.0
snp_20_44386382,0.03227489235078189,0.021270574205129546,20,44386382.0
snp_5_51124422,0.025209983090637267,0.0054624923021922775,5,51124422.0
snp_4_190840322,-0.00373288758488458,-0.001136097197590937,4,190840322.0
snp_12_53197957,0.01859425515091809,0.00949617599608775,12,53197957.0
snp_2_92315886,0.008713910243433536,0.0036036437096579597,2,92315886.0
snp_17_11305371,0.013206164355650207,0.0009840367739572362,17,11305371.0
snp_4_184772445,-0.004623799667612699,-0.0013976969290604706,4,184772445.0
snp_10_66864416,0.046604347254245074,0.008064331750716136,10,66864416.0
snp_4_189363499,0.042633900011169984,0.01126063723005883,4,189363499.0
snp_17_21551983,0.007073482175266168,0.0025504525017424617,17,21551983.0
snp_5_78885455,-0.017549706321435828,-0.00850848464618719,5,78885455.0
snp_20_53403490,-0.015212347576668027,-0.0059516358194943025,20,53403490.0
snp_6_95661404,0.032129641153461036,0.016935589373288942,6,95661404.0
snp_6_153750112,-0.0004775269482903688,-0.0007003516545273634,6,153750112.0
snp_9_67791029,-0.018388191633489853,-0.011019047884055387,9,67791029.0
snp_7_61835688,0.007140717803794605,0.002692685412878322,7,61835688.0
snp_6_57482346,-0.022816143678609,-0.01176796342423726,6,57482346.0
snp_9_1686060,0.10935744137802741,0.06718123099226614,9,1686060.0
snp_16_14063860,0.008616790633060364,0.0013197658353474818,16,14063860.0
snp_10_64591249,0.05021754965539664,0.008747653865068917,10,64591249.0
snp_2_176623311,-0.007744613105186082,-0.0022607796690915817,2,176623311.0
snp_1_152395564,0.06031410329436842,0.015673734663057822,1,152395564.0
snp_2_92313129,0.01915179622792173,0.00920716711089858,2,92313129.0
snp_9_68436750,-0.008879275962066184,-0.004180177471044077,9,68436750.0
snp_2_87089092,0.006074043092958001,0.002097334818557155,2,87089092.0
snp_11_20639062,-0.02249655738844441,-0.013404500150705552,11,20639062.0
snp_6_71647946,-0.01125477961208549,-0.003154516324565612,6,71647946.0
snp_8_96479250,0.05783975194644125,0.01838008518767328,8,96479250.0
snp_11_100217945,0.021886994821093634,0.012322452718217053,11,100217945.0
snp_7_61077251,0.007634420161217027,0.0021579490285650598,7,61077251.0
snp_8_9394871,0.03601074824849597,0.006500515128574163,8,9394871.0
snp_19_32504936,0.09038176927684223,0.019656793637854365,19,32504936.0
snp_16_32427006,0.013056233575868433,0.006303750952803205,16,32427006.0
snp_7_61842476,-0.012372060773994924,-0.005791161979643602,7,61842476.0
snp_3_185700982,0.002167575513533359,0.00013515614987438611,3,185700982.0
snp_1_38934871,0.12372126947867618,0.0690417734851895,1,38934871.0
snp_16_46437407,-0.012517188370954554,-0.0069385481842223155,16,46437407.0
snp_17_20784107,0.0027878932113338897,0.0007692984227918015,17,20784107.0
snp_16_22835324,0.059872887659855475,0.016526380294555887,16,22835324.0
snp_9_38279948,0.008664088341357998,0.0013103459214707058,9,38279948.0
snp_10_95289,0.0016191790843037277,0.00034811567729920345,10,95289.0
snp_2_92305939,0.005075250092952142,0.0013620842976958068,2,92305939.0
snp_19_4245811,-0.012540216928604265,-0.007197706770795989,19,4245811.0
snp_1_149408204,0.0510993322931354,0.018295625566753883,1,149408204.0
snp_12_68585235,-0.0184626048472177,-0.010889577617894754,12,68585235.0
snp_15_27676596,0.0004529969003525993,1.1643641610050935e-05,15,27676596.0
snp_4_97916536,0.04786519027128362,0.014695497700611976,4,97916536.0
snp_20_47132505,0.013875100282609533,0.005845713933269978,20,47132505.0
snp_5_122577304,0.016575796391503306,0.006760143243021708,5,122577304.0
snp_1_144015041,0.010257714028929053,0.002591110691860834,1,144015041.0
snp_16_32843557,0.00018208053728360185,0.00020646801123792424,16,32843557.0
snp_10_12818121,-0.003141421926623219,-0.0007587055370462663,10,12818121.0
snp_2_193301036,0.11256412792851879,0.07753637654941159,2,193301036.0
snp_18_29774776,0.017507297738065773,0.0034647676432456548,18,29774776.0
snp_6_121073528,0.23328261238339804,0.098295954541878,6,121073528.0
snp_5_1796121,0.03020146178048486,0.0185724037679653,5,1796121.0
snp_15_44861299,0.08178253241724906,0.0296995473691652,15,44861299.0
snp_5_99418740,0.007784772117957471,0.00125627648446372,5,99418740.0
snp_3_96250606,0.0785796800132774,0.050097770679352734,3,96250606.0
snp_17_21334759,-0.001754755500027018,-0.0004516948400609115,17,21334759.0
snp_10_22459957,0.02088094003135651,0.005327438654952863,10,22459957.0
snp_1_142575129,0.002631896350232946,0.0004658299867962189,1,142575129.0
snp_3_40632555,0.12834214021020676,0.06975702492521024,3,40632555.0
snp_7_57918156,-0.021866484845166255,-0.009927134639039374,7,57918156.0
snp_3_12588356,0.060686117889387194,0.01536580856990262,3,12588356.0
snp_5_126021935,0.07922831025334999,0.047257547040457086,5,126021935.0
snp_3_75836278,0.014327579164933034,0.00794604031589926,3,75836278.0
snp_10_42380751,0.014225202649300111,0.00590767470978004,10,42380751.0
snp_10_39046508,-0.03368899501141612,-0.019959694441536155,10,39046508.0
snp_8_37202618,0.09824899846775671,0.04249145083089218,8,37202618.0
snp_1_143516295,-0.007822537734330726,-0.0030718902553253744,1,143516295.0
snp_4_190820298,0.0027028568516525896,0.00046591329566894667,4,190820298.0
snp_2_241242331,0.022716044079924877,0.009306538867041563,2,241242331.0
snp_2_241242332,0.020456982051320807,0.010027048309819483,2,241242332.0
snp_7_76792320,0.1297733670111214,0.04218997910370966,7,76792320.0
snp_18_29762480,0.024410951977873345,0.005054040184010436,18,29762480.0
snp_9_167111,0.013337717748050636,0.006416752103620572,9,167111.0
snp_19_4546004,0.0022904656094956993,0.0004185122638337487,19,4546004.0
snp_5_69380555,0.132347987767813,0.05093287647423005,5,69380555.0
snp_12_38208896,-0.02365967051948533,-0.014183507953603484,12,38208896.0
snp_19_28671592,-0.013420386496063232,-0.0053767927616251545,19,28671592.0
snp_8_15418315,-0.04817911094810683,-0.03126152418341797,8,15418315.0
snp_2_90451277,-0.018835854717648832,-0.009613111103067454,2,90451277.0
snp_5_75232136,0.03555892162685264,0.01935619780616421,5,75232136.0
snp_11_4464749,-0.0191554178538026,-0.011090225930186902,11,4464749.0
snp_17_15464147,-0.11647190029718663,-0.06705953770664669,17,15464147.0
snp_11_87110849,0.010876134945929723,0.0031655703566390646,11,87110849.0
snp_3_154153075,0.009784543629516059,0.003941459267795055,3,154153075.0
snp_10_108808535,0.04373631358058969,0.014584712563990045,10,108808535.0
snp_19_4278502,-0.017403891467535574,-0.011627961671988069,19,4278502.0
snp_1_85023237,-0.01220090458076654,-0.005464496870148759,1,85023237.0
snp_10_107428761,0.0003150153285857186,-0.00033968547908670005,10,107428761.0
snp_10_107428762,0.004131892546287767,-2.5899354255827476e-05,10,107428762.0
snp_11_56527091,-0.0020979296249380164,-0.0009286275672741094,11,56527091.0
snp_9_68337543,0.01080045505149605,0.004844129195638282,9,68337543.0
snp_16_18765355,0.004822939466353132,0.0005082273467797787,16,18765355.0
snp_10_105720542,0.038593833867380994,0.014641249283861369,10,105720542.0
snp_9_99986764,-0.01491981567132177,-0.00631025030806375,9,99986764.0
snp_2_630555,-0.016131218325842314,-0.00793685690898513,2,630555.0
snp_10_42769080,-0.006957531069093858,-0.0031769141877283002,10,42769080.0
snp_1_48212615,-0.016331206674250646,-0.007353120386765822,1,48212615.0
snp_16_2394832,0.07514022097136505,0.024541111203570165,16,2394832.0
snp_1_83758864,0.11297751291230781,0.045969661794880594,1,83758864.0
snp_9_66507197,0.017152920755772686,0.00622847010940209,9,66507197.0
snp_6_57448537,0.027746024847101522,0.011393736728121984,6,57448537.0
snp_2_154257322,0.006554203110152529,0.002650921845849106,2,154257322.0
snp_9_66469729,-0.03218880708145774,-0.015757729294488473,9,66469729.0
snp_1_814244,-0.03176561204684495,-0.02121141779912443,1,814244.0
snp_20_10697678,0.03819829351814287,0.010907997918027965,20,10697678.0
snp_8_84943467,0.005610696981205186,0.0008783933915952184,8,84943467.0
snp_10_49864260,0.0004926849233744843,-0.001282851561782367,10,49864260.0
snp_4_190876955,0.005975510345166281,0.003304849123748177,4,190876955.0
snp_16_14095497,0.0072585843090272545,0.001557444663639583,16,14095497.0
snp_4_190556140,0.01364358204411866,0.007862830734430597,4,190556140.0
snp_1_28174526,0.06275036081249398,0.020163191357335776,1,28174526.0
snp_4_49098849,0.006747954683371608,0.003156838796311426,4,49098849.0
snp_4_117175886,0.01931275277913503,0.00921662722421605,4,117175886.0
snp_20_4813937,0.06721349666634002,0.03164451056128703,20,4813937.0
snp_14_54291181,0.006263485192117318,0.0013336600012118407,14,54291181.0
snp_16_32850062,0.0055136891701655305,0.0020990593226457668,16,32850062.0
snp_4_125261530,0.08628721758288219,0.03686213646533193,4,125261530.0
snp_18_29754492,0.02092841393222069,0.00451600737352508,18,29754492.0
snp_18_15180798,0.012746426302533705,0.006109082365957986,18,15180798.0
snp_18_29755075,0.023220689142463734,0.004675218760008842,18,29755075.0
snp_16_9621251,0.062103819959773335,0.023208026866124595,16,9621251.0
snp_1_24057357,0.08028665480038973,0.02868679898513428,1,24057357.0
snp_15_77393780,0.037922796579507215,0.010664393009783751,15,77393780.0
snp_2_10155545,-0.023343040701975154,-0.0112460542126106,2,10155545.0
snp_9_15984098,-0.008386034165759455,-0.0021620786514898495,9,15984098.0
snp_14_36490375,0.07498465131286271,0.03355026611838819,14,36490375.0
snp_6_57472841,0.04061805051117225,0.02245952712952078,6,57472841.0
snp_6_95676216,0.03705028096115954,0.01974647662929617,6,95676216.0
snp_11_109446555,-0.011762925899137789,-0.005441797701363198,11,109446555.0
snp_9_69019136,-0.0038398005486534256,-0.0011881827169138164,9,69019136.0
snp_16_68497531,0.030542583930408478,0.019081796917544074,16,68497531.0
snp_4_164556674,0.0004440090990146284,5.028417913100376e-05,4,164556674.0
snp_16_19717582,-0.020584229412796088,-0.0017685329809338565,16,19717582.0
snp_10_2563561,-0.04766475901342807,-0.03109131661805656,10,2563561.0
snp_20_25734784,-0.0032741552785334463,-0.0012959863809065444,20,25734784.0
snp_7_57630128,-0.01024089682098836,-0.005124518746596624,7,57630128.0
snp_1_152274259,0.031428330079824485,0.006970169214541057,1,152274259.0
snp_21_10153473,0.007279925012049873,0.003386051681275577,21,10153473.0
snp_3_80316867,0.005058126431117621,0.0009463218018530261,3,80316867.0
snp_9_68403886,-0.010647841878424495,-0.005255019602236625,9,68403886.0
snp_1_28261682,0.0578218498064513,0.018902076371404505,1,28261682.0
snp_5_86514035,0.056829346237048,0.010743625940405212,5,86514035.0
snp_11_20656182,-0.017561581752881344,-0.010559254031662538,11,20656182.0
snp_1_157131579,-0.008955208188992278,-0.0030903286245979374,1,157131579.0
snp_3_114638331,-0.011151105572005654,-0.0050163526448846075,3,114638331.0
snp_4_31852586,0.05353772559352291,0.02350791171804352,4,31852586.0
snp_2_92313114,0.03592602716230134,0.024156497034080796,2,92313114.0
snp_5_51161015,0.024352873366443394,0.004322403064298175,5,51161015.0
snp_9_68500280,0.003794846744317307,0.0013469098382091946,9,68500280.0
snp_13_100042644,0.14174648304857854,0.072366725304954,13,100042644.0
snp_22_27854694,0.07980194495908784,0.049976952736577054,22,27854694.0
snp_22_44508971,-0.01869878952535969,-0.010810401000291472,22,44508971.0
snp_11_20639043,-0.02057825590941469,-0.011958051644663823,11,20639043.0
snp_20_25748116,-0.015592081471741796,-0.009763345852098752,20,25748116.0
snp_22_24786835,-0.00608316696055117,-0.002012887760120894,22,24786835.0
snp_2_89083459,-0.01563746417515019,-0.008623017572777647,2,89083459.0
snp_10_121974998,0.00023676747482723935,0.00011685261409611762,10,121974998.0
snp_17_25278217,-0.01731661839151315,-0.009176508281743942,17,25278217.0
snp_8_80259779,-0.006963215861901322,-0.0013087005143950733,8,80259779.0
snp_9_78821235,0.0484423940789675,0.02443935673147942,9,78821235.0
snp_16_83680776,0.060189454513314006,0.014632743657106592,16,83680776.0
snp_10_66737523,0.058734658765878606,0.010857488097416783,10,66737523.0
snp_10_61167232,0.013946107912667144,0.00203826423052233,10,61167232.0
snp_10_61112521,0.021164776230057466,0.0037303402806738222,10,61112521.0
snp_9_68408699,-0.01329094646809925,-0.004578474931837469,9,68408699.0
snp_4_190818654,-0.006684262971011987,-0.0026280150503850356,4,190818654.0
snp_18_29764767,0.020605066760246378,0.0037365709756988106,18,29764767.0
snp_5_77393207,0.0003808257202350735,-4.182985935645607e-05,5,77393207.0
snp_5_130068709,0.006289450956882165,0.002020678994034338,5,130068709.0
snp_7_62322613,0.016637510526387206,0.0086416942682073,7,62322613.0
snp_8_133427936,0.023516429922558413,0.00447865996544778,8,133427936.0
snp_10_135449735,0.008087724413401642,0.0027829134126338305,10,135449735.0
snp_21_11162744,-0.041667022087453875,-0.028768840255194716,21,11162744.0
snp_6_81091642,-0.001791862685552017,-0.000392294693874668,6,81091642.0
snp_2_230373622,-0.016370619359059754,-0.0067603081349344,2,230373622.0
snp_1_30484065,-0.02664228469892339,-0.01162271960090971,1,30484065.0
snp_21_11027735,0.020383098400418773,0.011187893977299735,21,11027735.0
snp_1_158196211,0.04603002451507435,0.01458209350809182,1,158196211.0
snp_1_142898807,0.03236079176661114,0.016574171070617955,1,142898807.0
snp_2_176568554,0.005735172839038073,0.0023814780932540497,2,176568554.0
snp_8_70815608,0.05519521513654715,0.0353104222936627,8,70815608.0
snp_3_110677390,0.004648595797633785,0.0003822059367634489,3,110677390.0
snp_4_49622637,-0.01979681150004188,-0.0094681797573599,4,49622637.0
snp_13_77010027,0.08850009586990465,0.05205342181695956,13,77010027.0
snp_4_97933367,0.05674054963761092,0.019343727015723795,4,97933367.0
snp_18_29488804,0.03458041253635394,0.020464134203439517,18,29488804.0
snp_1_158195988,0.03512285021553232,0.013176278844973386,1,158195988.0
snp_13_113643975,-0.005465393894262456,-0.0018200802286760997,13,113643975.0
snp_5_3971433,0.00021236085019892952,-0.0002224195896040378,5,3971433.0
snp_2_92315350,0.009663169502179911,0.0030339574316768404,2,92315350.0
snp_22_42141117,0.02850516118071449,0.017780112091313395,22,42141117.0
snp_6_119078646,0.09474254769566721,0.04684555765812383,6,119078646.0
snp_5_107869047,0.0007774099514058629,-2.313309851721319e-05,5,107869047.0
snp_4_49302354,-0.015964098867981016,-0.008585285801005057,4,49302354.0
snp_19_5325548,0.004357731366560416,0.0004936252230401492,19,5325548.0
snp_11_89308032,-0.07223568989639571,-0.038887144769530785,11,89308032.0
snp_8_20035945,0.06648889111314465,0.033310378047304634,8,20035945.0
snp_9_33798073,0.0024027832951792494,0.0011368042238655653,9,33798073.0
snp_9_106406987,-0.01898405028770208,-0.009712907847268316,9,106406987.0
snp_20_22999172,0.055149415145471156,0.02497741507252311,20,22999172.0
snp_6_115237279,-0.008565538192207279,-0.0012830857088144815,6,115237279.0
snp_22_25226663.1,-0.007190724875013531,-0.0012501116877270337,22,25226663.1
snp_18_14869074,-0.012784301513221153,-0.0032793735392490767,18,14869074.0
snp_10_76407287,0.025715828883969356,0.007012232012770904,10,76407287.0
snp_1_38934792,0.11243585134453739,0.05408937385934192,1,38934792.0
snp_3_86458621,0.028210500350501263,0.012019789184475832,3,86458621.0
snp_8_4039695,-0.008299880617304608,-0.0036220393792185026,8,4039695.0
snp_8_4039697,0.06439583950078395,0.02841964965220113,8,4039697.0
snp_7_64570374,-0.0019670999122041247,-0.0004971340380889145,7,64570374.0
snp_20_22976046,0.04690355380636838,0.0196772881941291,20,22976046.0
snp_19_4576534,0.0059547771825857465,0.00030393015075185685,19,4576534.0
snp_5_75220835,0.012896691049271252,0.0008996364150506533,5,75220835.0
snp_11_20638832,-0.01988483825026163,-0.010973961957271235,11,20638832.0
snp_1_121376591,-0.004986878733176367,-0.0010118183145044193,1,121376591.0
snp_19_32424928,0.059943407651525414,0.013516363481047622,19,32424928.0
snp_5_75233087,0.022108653391941964,0.010777316387331344,5,75233087.0
snp_7_151981359,-0.01568720316520175,-0.008590559486635754,7,151981359.0
snp_15_35738419,0.04765329679779991,0.024592642794065186,15,35738419.0
snp_22_16904315,0.0005962253996703695,-0.00020186799406948734,22,16904315.0
snp_10_134824630,0.009856402217231502,0.004901767788296611,10,134824630.0
snp_9_66507150,-0.00036183627614707627,-0.0004564556673929965,9,66507150.0
snp_10_132976716,0.062342823944878764,0.024667979068289287,10,132976716.0
snp_2_92180983,0.0033414198616918338,0.0009030511202908149,2,92180983.0
snp_13_88759804,0.048993262826105485,0.029343754955439366,13,88759804.0
snp_17_72720155,0.12553449806193998,0.04785337880579019,17,72720155.0
snp_2_76751510,0.08059873570345005,0.05124033198732858,2,76751510.0
snp_21_34424410,0.1054321558403251,0.041096417415087544,21,34424410.0
snp_6_44264681,0.04718664306899566,0.030299619170928126,6,44264681.0
snp_2_41747478,0.003237264020475713,0.000707483450014202,2,41747478.0
snp_10_21990585,0.02521125003713225,0.006114986585795183,10,21990585.0
snp_7_156787327,0.13860145799702242,0.06539278969087386,7,156787327.0
snp_16_32828346,0.0050368158767888195,0.0017571588050884425,16,32828346.0
snp_2_95514727,0.0019015873046907088,0.00031550748923942645,2,95514727.0
snp_16_60794,-0.010293802180847857,-0.0034043052134226145,16,60794.0
snp_20_25739265,0.01737672720291384,0.011436544432868595,20,25739265.0
snp_10_76225440,0.026289850457106474,0.006786974748348721,10,76225440.0
snp_10_61094267,0.01305481963070415,0.002468125546259025,10,61094267.0
snp_11_106580904,-0.026983688192080756,-0.015109225294131185,11,106580904.0
snp_17_12395848,0.006863214502919891,0.001308814641286463,17,12395848.0
snp_16_34174610,0.0051154299171136475,0.0025525389892044246,16,34174610.0
snp_19_15784799,-0.017325076794618147,-0.00691199886178126,19,15784799.0
snp_19_15784801,-0.0022100996997569448,0.00021209927708831647,19,15784801.0
snp_22_20341762,0.017627721834882634,0.0057453744629246545,22,20341762.0
snp_12_53198899,0.015659367281270164,0.0070025556358732895,12,53198899.0
snp_21_9461760,-0.006410843600811862,-0.002357367204595654,21,9461760.0
snp_7_10411201,0.06963329934600888,0.020265668554652852,7,10411201.0
snp_16_13998276,0.011610564738652802,0.0012816716106269542,16,13998276.0
snp_3_12508272,0.0413990937445218,0.012255869887863662,3,12508272.0
snp_18_28930643,-0.007504390191141421,-0.002269691120669745,18,28930643.0
snp_8_23479247,0.18392383984239521,0.08967354402584114,8,23479247.0
snp_2_216241781,-0.02469214712640712,-0.010228369640380281,2,216241781.0
snp_2_151866631,-0.003353115645568935,-0.001230231144890445,2,151866631.0
snp_3_45357312,0.03587184112090995,0.0057473843275447885,3,45357312.0
snp_3_80314873,0.00474013595334417,0.00018197361675107292,3,80314873.0
snp_5_16226,-0.0029961524930942206,-0.0007648722481652296,5,16226.0
snp_9_139673383,-0.021133574127983903,-0.012519283717045368,9,139673383.0
snp_6_154846330,-0.007617364629982792,-0.002714402797273313,6,154846330.0
snp_5_13011775,0.06077456138806855,0.020053410247319287,5,13011775.0
snp_1_152395302,0.05337640942167508,0.012041000343937366,1,152395302.0
snp_2_90475565,-0.004388715419863628,-0.0016487171923491644,2,90475565.0
snp_19_4242521,-0.017569682667180276,-0.011613911086965445,19,4242521.0
snp_6_37545157,0.02343657458797959,0.00696423947766926,6,37545157.0
snp_1_237254730,0.004605313018117299,0.0006341678052112702,1,237254730.0
snp_6_88461128,-0.004093164217699552,-0.002592044620458845,6,88461128.0
snp_21_27744437,0.03923487625963244,0.012233093017931516,21,27744437.0
snp_7_149744531,-0.016420683723245615,-0.008511014264977745,7,149744531.0
snp_1_156839022,0.05784591663423743,0.031099155988912698,1,156839022.0
snp_3_88710522,-0.03727208271020785,-0.02673947494261545,3,88710522.0
snp_5_38862425,-0.005444263038468005,-0.001815162156943021,5,38862425.0
snp_7_64570441,0.014846268215780518,0.00586662538307966,7,64570441.0
snp_8_70759241,0.008897427625946272,0.004376009134847697,8,70759241.0
snp_2_92315349,0.009893711283767,0.005017155965473762,2,92315349.0
snp_2_92315350.1,0.008445137105015184,0.0034038884321964218,2,92315350.1
snp_18_43457230,0.0038882522516621035,0.000137165825039635,18,43457230.0
snp_2_219971526,0.022096142953895226,0.00950251742264904,2,219971526.0
snp_6_41187036,0.0016616153045020498,0.00066067093530207,6,41187036.0
snp_6_41187037,0.014261203110480495,0.005359593778512658,6,41187037.0
snp_20_26142995,-0.0061011705565934505,-0.0019039589259877846,20,26142995.0
snp_21_10134992,0.00023981304917157435,0.0004340994599979403,21,10134992.0
snp_3_5574766,0.1056141282422475,0.050384388375350676,3,5574766.0
snp_9_45352511,0.016119507527515658,0.007650453714137539,9,45352511.0
snp_2_77748781,0.05478468629138923,0.03166206582459975,2,77748781.0
snp_16_33918547,0.019775472964913974,0.010575679546166917,16,33918547.0
snp_3_80316505,0.0047610652068700125,0.0006120550492032328,3,80316505.0
snp_19_32543912,0.09443211945898809,0.016970778880643744,19,32543912.0
snp_18_77365992,0.10256881884083056,0.0626667494162835,18,77365992.0
snp_20_24838576,0.0017358881908876224,4.630687440171285e-06,20,24838576.0
snp_20_24838577,0.02075789993677515,0.010623704174936351,20,24838577.0
snp_16_46415496,-0.014593981501111474,-0.00909283125657376,16,46415496.0
snp_2_90440875,0.009371198781504206,0.00219183930454647,2,90440875.0
snp_6_157707337,0.01061703860905184,0.0030642191153070547,6,157707337.0
snp_5_75231514,0.019950050890247106,0.009209287578931897,5,75231514.0
snp_1_121376135,-0.005327954928668686,-0.001512274004606626,1,121376135.0
snp_6_65389190,0.01285666060238521,0.002867799783714013,6,65389190.0
snp_19_44916319,-0.010787369043852475,-0.0016686891650234603,19,44916319.0
snp_1_86002669,0.009028348615173978,0.0026587464746399107,1,86002669.0
snp_1_86002670,0.007623734729254152,0.0011494934914811038,1,86002670.0
snp_2_92284539,0.0208858282484031,0.011590644122739488,2,92284539.0
snp_7_61816932,0.017767972199900065,0.010068271654852325,7,61816932.0
snp_10_2842100,0.06545843888756123,0.01541892515880029,10,2842100.0
snp_4_190514084,-0.009091888981737179,-0.004270029980883436,4,190514084.0
snp_21_9564595,-0.012007401129571334,-0.006466700213799375,21,9564595.0
snp_1_142926603,0.010464879705626115,0.00418030207749313,1,142926603.0
snp_14_95888120,-0.03583878358821692,-0.02360691486371646,14,95888120.0
snp_18_10413506,0.060397246449367524,0.020338324872152796,18,10413506.0
snp_10_135399043,0.013450894834180775,0.005409662339014342,10,135399043.0
snp_2_95514744,0.0030761476559909196,0.0010329442191440313,2,95514744.0
snp_10_63805168,0.019607763482748914,0.0021136709290998966,10,63805168.0
snp_2_132812839,-0.026315516403520967,-0.014298451522250396,2,132812839.0
snp_20_10411415,0.03410143668677213,0.008242961992791936,20,10411415.0
snp_7_61973197,0.010086799467076453,0.005029151510502065,7,61973197.0
snp_3_101226767,0.05490066746100914,0.01562051111305996,3,101226767.0
snp_8_46851976,-0.014606852740092914,-0.005486674729634804,8,46851976.0
snp_11_87097366,0.014690656312075417,0.005624812231884664,11,87097366.0
snp_9_66515583,-0.026018265372773883,-0.014940449574861379,9,66515583.0
snp_3_114644927,-0.012201637072987128,-0.0052501849347244035,3,114644927.0
snp_20_26058013,-0.012211961236615502,-0.005546553496822851,20,26058013.0
snp_2_92308850,0.013026171941922873,0.005178291094734003,2,92308850.0
snp_7_84964012,-0.0018974211025072484,2.1648464091145925e-05,7,84964012.0
snp_7_84964013,-0.03638813253449473,-0.016550797298519635,7,84964013.0
snp_6_156333097,0.009049388011927149,0.002598172684795689,6,156333097.0
snp_5_71064155,0.09232540405813323,0.04444726673143465,5,71064155.0
snp_6_70153927,-0.014742419303772857,-0.008531940869664217,6,70153927.0
snp_1_83758875,0.1002480305373628,0.041210003403309284,1,83758875.0
snp_15_24561590,0.010081077049765958,0.0028816270904847853,15,24561590.0
snp_16_32438807,0.004353083551239586,0.0010019882049476193,16,32438807.0
snp_20_29587092,0.012840909806397734,0.0053014466488894504,20,29587092.0
snp_10_131690573,0.021024576267001667,0.003326272729722522,10,131690573.0
snp_5_151859976,-0.01234448870330815,-0.004701802277563559,5,151859976.0
snp_7_30802329,0.0003191069264484369,-0.000249352977476768,7,30802329.0
snp_2_219971530,0.014909397157016472,0.005390274448046116,2,219971530.0
snp_20_50184300,-0.02472917049803981,-0.016753734199602327,20,50184300.0
snp_19_24078236,0.006539026227467327,0.0004883026180908052,19,24078236.0
snp_4_98200886,0.05007953015131807,0.01739056877704011,4,98200886.0
snp_7_61664715,0.0147452259461613,0.00535238732632047,7,61664715.0
snp_5_25079742,0.026075585333680682,0.014160778146344345,5,25079742.0
snp_2_236098237,0.0617153691647686,0.03650549146262157,2,236098237.0
snp_16_9628891,0.07444483404861897,0.02388091947361059,16,9628891.0
snp_4_4227934,0.026507204811638752,0.009539669183154586,4,4227934.0
snp_9_69014543,0.013551805296219594,0.004998051824381091,9,69014543.0
snp_15_20119035,0.008993964872194806,0.003952245970973646,15,20119035.0
snp_22_24786840,-0.008118471893658814,-0.004055205314566634,22,24786840.0
snp_1_149574819,0.0070235668337131855,0.0020393197110835735,1,149574819.0
snp_7_123687629,-0.011579661440825045,-0.005010091904369069,7,123687629.0
snp_10_14211116,0.019741262916640266,0.007993809127328722,10,14211116.0
snp_14_63862582,-0.028330115346979438,-0.01685523098511715,14,63862582.0
snp_7_61077808,-0.013376194992422354,-0.004671880521808317,7,61077808.0
snp_18_15085619,-0.011440747908077184,-0.005365934139587288,18,15085619.0
snp_18_65913836,-6.785342721790438e-05,0.0010248584520624777,18,65913836.0
snp_5_12995938,0.063526839988913,0.02195871729851151,5,12995938.0
snp_1_27615593,-0.010031823085841576,-0.004116407925620581,1,27615593.0
snp_21_39994906,0.0038602045464158565,0.001447882799896951,21,39994906.0
snp_6_32512638,-0.0005150819664836759,6.600565061448185e-05,6,32512638.0
snp_6_32512639,0.008450794824159589,0.0020238223116177236,6,32512639.0
snp_19_4243792,-0.007207098262272829,-0.003613761381566193,19,4243792.0
snp_8_4713810,0.03240952554217162,0.02028220909210038,8,4713810.0
snp_3_175308041,0.00871935111026968,0.0024903936260367667,3,175308041.0
snp_15_91216775,-0.01825340456812137,-0.0077397260177526905,15,91216775.0
snp_15_91216776,-0.004483226879321205,-0.001333339569309391,15,91216776.0
snp_21_10141911,0.0027617825420288757,0.0009592267228621509,21,10141911.0
snp_11_2858546,-0.01606054290888459,-0.00919210876353611,11,2858546.0
snp_11_2858547,0.019153086083389167,0.00896132181466144,11,2858547.0
snp_17_22249489,-0.006392632812291617,-0.0025181649140202404,17,22249489.0
snp_3_75914438,0.009807954099501647,0.004330164084977071,3,75914438.0
snp_2_203762649,-0.01975605164282171,-0.01091670546745947,2,203762649.0
snp_2_203762650,0.027057595823746155,0.01031071297720288,2,203762650.0
snp_18_75398008,0.03618006127547764,0.009931608097537376,18,75398008.0
snp_1_26921907,0.13624954282729485,0.06612607719578778,1,26921907.0
snp_14_39498219,0.0016001238095224666,8.017703995652338e-05,14,39498219.0
snp_6_21606648,0.07318657403348108,0.02416201266620209,6,21606648.0
snp_17_45214682,0.003439299015800011,0.0017559675782556454,17,45214682.0
snp_17_11312635,0.012223169594412546,0.0016025060956556267,17,11312635.0
snp_5_807842,-0.004323993054716754,-0.0010850824433747412,5,807842.0
snp_2_97912760,0.04106906244480423,0.024758651115622296,2,97912760.0
snp_1_67308913,0.012605836107653486,0.004363469910820713,1,67308913.0
snp_4_190860169,0.00028199321391129934,-4.3979391658677055e-05,4,190860169.0
snp_1_12940412,-0.018253694907041207,-0.011006303939928644,1,12940412.0
snp_4_174916149,0.14156538455725085,0.07754400805775011,4,174916149.0
snp_18_21655669,0.10583209213291758,0.030513334623047797,18,21655669.0
snp_11_363705,-0.05238291410105103,-0.03289387976980578,11,363705.0
snp_5_143357949,0.004261279216824313,0.000788949221330038,5,143357949.0
snp_2_90440881,0.00027327573037367264,-3.607647239545828e-05,2,90440881.0
snp_16_14027938,0.00798850683845376,0.001334191009233699,16,14027938.0
snp_10_5889453,0.02353408029611936,0.010752747418646052,10,5889453.0
snp_11_51590432,0.008895029660948064,0.0010800072138205884,11,51590432.0
snp_3_74679297,0.022769613250202197,0.004581160974677095,3,74679297.0
snp_3_74679298,0.017695162050609784,0.006907843214781788,3,74679298.0
snp_18_75435897,0.04582586474578496,0.014093458205159053,18,75435897.0
snp_3_162471646,-0.03527824669248612,-0.022128081238627747,3,162471646.0
snp_3_33011587,0.00977439137063538,0.003198405825628476,3,33011587.0
snp_3_129347585,-0.007170698691273278,-0.0023174751377689484,3,129347585.0
snp_20_29456751,-0.017999718549975105,-0.01018925038151538,20,29456751.0
snp_3_129352775,0.007664686042472523,0.003829480757098682,3,129352775.0
snp_14_107105502,-0.0033396708562275132,-0.0007999195273268809,14,107105502.0
snp_14_107105503,-0.00868532318624766,-0.003947271513679315,14,107105503.0
snp_18_29762997,0.024973529739688707,0.004968096461838901,18,29762997.0
snp_8_37417160,0.14784460158527477,0.05711438820512203,8,37417160.0
snp_18_14182707,0.00955305195612219,0.005105826991471012,18,14182707.0
snp_15_78367776,0.04274552231496076,0.012210827368394244,15,78367776.0
snp_4_179783753,0.04331258069187084,0.01797299237982182,4,179783753.0
snp_2_83463165,0.064834275267176,0.03929931332980108,2,83463165.0
snp_1_143395212,-0.0017574358403303267,-0.000273809193528408,1,143395212.0
snp_5_75231448,0.029425469006028448,0.012844170794397376,5,75231448.0
snp_10_61084367,0.011708559006121506,0.0019211761364035513,10,61084367.0
snp_6_36344829,0.08145435085462084,0.024463271056506482,6,36344829.0
snp_20_62720190,0.0052306106067447865,0.00139356473341072,20,62720190.0
snp_7_5890153,0.005661995766727671,0.0006581331754254639,7,5890153.0
snp_4_138909352,0.15318359553099314,0.07496229126981549,4,138909352.0
snp_10_42360883,-0.01965632161206658,-0.008456047320264146,10,42360883.0
snp_7_61667561,0.01237749972874321,0.005453644757379658,7,61667561.0
snp_2_133348851,-0.022983704123927143,-0.013730380705004631,2,133348851.0
snp_1_143448348,0.018501312718949513,0.010383608666592076,1,143448348.0
snp_10_42395049,-0.007046813271411715,-0.002778564302125498,10,42395049.0
snp_2_90431373,0.028067513434691483,0.016070555051986485,2,90431373.0
snp_2_90431374,0.02259669883829005,0.011543832850413998,2,90431374.0
snp_18_15060137,-0.0009676597659370027,-0.00041327496392676007,18,15060137.0
snp_14_24068018,-0.0030344014256919495,-3.791321268948512e-05,14,24068018.0
snp_6_170653258,0.1201889820687875,0.03779143583275536,6,170653258.0
snp_12_41767965,-0.011319734595187269,-0.002548389030147126,12,41767965.0
snp_5_81873095,0.03232027441756085,0.012572014852953499,5,81873095.0
snp_8_70813844,0.07859383825604338,0.05045241737040202,8,70813844.0
snp_19_5190973,0.0042307614952583825,0.0008896664755632245,19,5190973.0
snp_6_45924966,0.01475630251693873,0.005145795573548638,6,45924966.0
snp_7_61067326,-0.007580582661603827,-0.0022232574787759436,7,61067326.0
snp_19_23093093,0.11102328042935725,0.06200907533638296,19,23093093.0
snp_19_23093095,-0.009293986018452391,-0.0033044411807212656,19,23093095.0
snp_7_61667804,0.024351162901855454,0.014997474201506274,7,61667804.0
snp_9_32730791,-0.013396644877645114,-0.006388468685039063,9,32730791.0
snp_9_32730792,-0.012233850482707025,-0.004362977044644021,9,32730792.0
snp_20_25754756,0.003978149796119548,0.0008213371575429666,20,25754756.0
snp_2_95612894,0.04346268290566097,0.019969873768101075,2,95612894.0
snp_17_25278216,0.010526093524951758,0.006148724383555424,17,25278216.0
snp_17_25278217.1,-0.017680583114696856,-0.010449750710159227,17,25278217.1
snp_20_4813252,0.09585749520184739,0.04385307982081582,20,4813252.0
snp_16_8216408,-0.011569555020079666,-0.004868106117414143,16,8216408.0
snp_16_8216409,0.015090402042250563,0.007152365014397661,16,8216409.0
snp_12_68585235.1,-0.012901710010514494,-0.007075183195112135,12,68585235.1
snp_12_68585237,-0.015302683787514457,-0.0087849740654852,12,68585237.0
snp_4_49622591,0.005222852792309081,0.0016765351574490996,4,49622591.0
snp_12_9649812,0.004021519971390397,0.0014532690210186296,12,9649812.0
snp_19_27733559,-0.005050072308724143,-0.00225725022079555,19,27733559.0
snp_15_49089694,0.054486725370220424,0.015776600563138607,15,49089694.0
snp_15_71506852,0.07018015263325425,0.02697543683276768,15,71506852.0
snp_11_175543,0.007612747645977515,0.001798077547969588,11,175543.0
snp_17_21554342,-0.004381438289467412,-0.0006670456222222048,17,21554342.0
snp_10_61246637,0.020534181320287122,0.0028825509014140886,10,61246637.0
snp_17_22245017,0.017807244596035443,0.01082180000355501,17,22245017.0
snp_17_22245018,0.02669829938220055,0.016012427218313308,17,22245018.0
snp_15_96023936,0.0529203660406759,0.03004704571700579,15,96023936.0
snp_5_122577279,0.006706962268234392,0.001345998347845153,5,122577279.0
snp_9_68672476,0.011794914115561146,0.006000614305322574,9,68672476.0
snp_9_68504240,-0.0016485184533085134,-0.0001298107172438798,9,68504240.0
snp_17_21529833,0.0004901770266840967,-8.179414568664658e-05,17,21529833.0
snp_2_223019832,0.0027062908729776993,-2.2147737155904545e-05,2,223019832.0
snp_10_116532517,0.06523619351301692,0.014460269265853854,10,116532517.0
snp_5_127815045,0.048544703489875725,0.014907389255328954,5,127815045.0
snp_5_92552182,0.007078157594624298,0.001760108120936253,5,92552182.0
snp_1_17002499,-0.0008177814653828159,-0.0003690695815324658,1,17002499.0
snp_8_43835716,-0.005356157965185344,-0.0012486923001936495,8,43835716.0
snp_13_109449334,-0.012479836183659894,-0.006744663645210949,13,109449334.0
snp_13_109449335,-0.015323248509891042,-0.008693830927456035,13,109449335.0
snp_12_53195455,0.020835698892764234,0.011215911575085107,12,53195455.0
snp_5_114737203,-0.0012010735693867543,-0.00031915517917395427,5,114737203.0
snp_15_56608492,0.014055693908957067,0.00697304952725929,15,56608492.0
snp_10_56485658,0.07485820530216988,0.0382487662284658,10,56485658.0
snp_2_1148576,0.012553698558038453,0.004846502296571908,2,1148576.0
snp_5_75228232,0.024726585114371282,0.011939398289416307,5,75228232.0
snp_17_32403030,-0.02112655536317877,-0.010663149804622503,17,32403030.0
snp_20_50175535,-0.01612587957787274,-0.009996270871095083,20,50175535.0
snp_20_26235263,-0.015338744648028323,-0.007364809786177175,20,26235263.0
snp_16_86713635,0.023641241568632593,0.012147076562023053,16,86713635.0
snp_21_34506464,0.11024428005687223,0.053152715504669865,21,34506464.0
snp_17_25302567,-0.008704182598809819,-0.004032392984014282,17,25302567.0
snp_17_15868329,0.1623089992399032,0.059311317130011476,17,15868329.0
snp_21_10156703,-0.00642828368258242,-0.0020570478153277513,21,10156703.0
snp_14_107105503.1,-0.00896784821408964,-0.003475242038732311,14,107105503.1
snp_7_61971641,0.006844883110019175,0.0024462706086171705,7,61971641.0
snp_7_61971642.1,0.0019764722744757234,0.0006436319597484354,7,61971642.1
snp_16_86714205,0.037189482713826556,0.020829704351942046,16,86714205.0
snp_8_7404949,-0.023757887507827667,-0.0132145942949376,8,7404949.0
snp_11_97227369,0.10678823844036285,0.05490872834567112,11,97227369.0
snp_4_8581425,0.10250618124333015,0.07627933955639249,4,8581425.0
snp_3_75764436,0.05788939131306972,0.03949167586814389,3,75764436.0
snp_3_75764437,0.02116890799722635,0.007491471126723078,3,75764437.0
snp_7_57921203,-0.015062896087508677,-0.007325920062966902,7,57921203.0
snp_20_10093257,0.03925815069009956,0.01135598047075052,20,10093257.0
snp_11_45836996,-0.015100299639181814,-0.005205481693652324,11,45836996.0
snp_7_151957978,-0.014903864199203976,-0.009182908690121687,7,151957978.0
snp_20_25744780,0.0025989525442282712,0.0011330346790594395,20,25744780.0
snp_7_61976715,0.013052560398265117,0.004086434567526595,7,61976715.0
snp_10_61119416,0.026685141608746143,0.004965543437536238,10,61119416.0
snp_4_190198736,-0.019185822534993895,-0.01135375538872572,4,190198736.0
snp_3_83999564,-0.013887448481727321,-0.007517510006075789,3,83999564.0
snp_5_137332882,0.028022703102059753,0.012733986815557308,5,137332882.0
snp_2_95642808,0.032693611031166976,0.013873912366311417,2,95642808.0
snp_10_77093141,0.017632958082712546,0.008284014102864386,10,77093141.0
snp_2_92324676,-0.011220024760929532,-0.004004171218219237,2,92324676.0
snp_7_151941917,0.002311498132778935,0.0009533089861419246,7,151941917.0
snp_7_152568711,0.03326669585156846,0.013390494969184822,7,152568711.0
snp_7_65058642,-0.018285863259925646,-0.00826741320902111,7,65058642.0
snp_2_91599280,0.028125540892619417,0.01597257777620887,2,91599280.0
snp_16_544844,-0.010304378458910527,-0.005315757554393993,16,544844.0
snp_21_10030769,0.016412207948090726,0.008133410537373886,21,10030769.0
snp_4_181784699,-0.039270276198219434,-0.023689107921701077,4,181784699.0
snp_4_181784701,-0.005478641675664664,-0.0018217448857628846,4,181784701.0
snp_4_181784702,-0.01915617433185492,-0.005667282487452508,4,181784702.0
snp_3_74669407,0.02193930258875541,0.003958122819021322,3,74669407.0
snp_9_69081923,0.0124749842877336,0.001814951211803382,9,69081923.0
snp_3_33376660,0.06517886344117818,0.01026097732440853,3,33376660.0
snp_21_10148902,-0.005003869589931481,-0.001497264896414599,21,10148902.0
snp_13_63617656,-0.010358296349976912,-0.004380160543668533,13,63617656.0
snp_2_90372081,0.011927257210334765,0.00508977733390551,2,90372081.0
snp_22_36673358,0.0020362411687872392,0.0007236322329462881,22,36673358.0
snp_6_120756365,0.1498066547116594,0.09510993242532921,6,120756365.0
snp_1_48196380,-0.01700066423944752,-0.009126413892914971,1,48196380.0
snp_18_75359004,0.036530513876199704,0.011106900480852153,18,75359004.0
snp_9_69634756,-0.020805144865468597,-0.010925949370793185,9,69634756.0
snp_13_100003066,0.12217767445679957,0.06530019470052902,13,100003066.0
snp_3_114638505,-0.012082277610384821,-0.005875955350073419,3,114638505.0
snp_20_24853428,0.0024428719697779807,5.582875233711254e-05,20,24853428.0
snp_19_34109339,0.17734282760697304,0.07927247182929023,19,34109339.0
snp_20_26189370,0.016528105043528234,0.010860620101574224,20,26189370.0
snp_18_29775998,0.01733537035917267,0.003227403048753212,18,29775998.0
snp_19_27737779,0.008186759426541332,0.004593683967640963,19,27737779.0
snp_19_27737780,0.00947926006495926,0.004200218844219481,19,27737780.0
snp_10_51948737,0.08291321158415421,0.04697449634195873,10,51948737.0
snp_19_15784799.1,-0.019670648261723298,-0.00715332448686132,19,15784799.1
snp_4_187034388,0.01614768977746407,0.003412330062892767,4,187034388.0
snp_11_68894908,0.05859982860917906,0.03063556811926585,11,68894908.0
snp_11_68894909,-0.05485409248591168,-0.029626514736789233,11,68894909.0
snp_16_33846918,-0.021143721567002515,-0.010281749511256242,16,33846918.0
snp_10_61131384,0.020843445260485448,0.0035649215864551127,10,61131384.0
snp_7_61976068,0.014596761365151964,0.0076998478892091535,7,61976068.0
snp_5_123614329,-0.02375905373709943,-0.013759797859870661,5,123614329.0
snp_8_86573110,-0.007470062002122347,-0.0025524977859163003,8,86573110.0
snp_3_129347610,0.012073069101557733,0.006452091321886054,3,129347610.0
snp_15_62191328,0.09809868619279868,0.07083461273367644,15,62191328.0
snp_14_28279117,-8.254473462139362e-05,-0.00031543567149182284,14,28279117.0
snp_1_58739732,-0.017662368797346246,-0.006789469676622088,1,58739732.0
snp_17_21209577,-0.006973465473416765,-0.002520430751405387,17,21209577.0
snp_1_147851700,0.006518360700225572,0.0024390463921845603,1,147851700.0
snp_15_24591729,0.003800758181782498,8.765345094537754e-05,15,24591729.0
snp_4_97933605,0.05296846183689108,0.01679421401796343,4,97933605.0
snp_5_16460,0.0068758308870529306,0.0033233363268417885,5,16460.0
snp_7_111370265,0.02951413577935033,0.010620575071259228,7,111370265.0
snp_10_123191820,0.03219416151684601,0.007249877090613001,10,123191820.0
snp_8_1879973,-0.008190492300189917,-0.0021907658616959844,8,1879973.0
snp_5_107679341,0.01531794865198614,0.005423864231822885,5,107679341.0
snp_7_61077833,0.005079860897376905,0.0008377551617605923,7,61077833.0
snp_3_114638415,-0.009395186278729964,-0.0030610328400213025,3,114638415.0
snp_10_15653812,-0.015521126000160233,-0.007424229613755909,10,15653812.0
snp_10_15653813,0.1825662106550141,0.08181002354307063,10,15653813.0
snp_3_75105173,0.10419636232795387,0.04384771972175656,3,75105173.0
snp_4_97934669,0.06998786966771292,0.01842506258808781,4,97934669.0
snp_7_57905772,0.028174929292411034,0.015702076156660763,7,57905772.0
snp_17_21228605,0.04066187618351542,0.019409925533381243,17,21228605.0
snp_2_135610007,0.012614216663304688,0.004270600370376474,2,135610007.0
snp_10_42378779,-0.008262807568553536,-0.004676119171323202,10,42378779.0
snp_7_152084966,-0.025378025212929745,-0.010734253405315641,7,152084966.0
snp_5_75230976,0.02110067054510922,0.011227446812313885,5,75230976.0
snp_5_75230977,0.12372969570911974,0.05702729842660969,5,75230977.0
snp_9_44123900,-0.003703000919633822,-0.0007242417129553786,9,44123900.0
snp_13_19646338,0.01894069912842341,0.011204448579074718,13,19646338.0
snp_17_22249835,0.009230772696056102,0.0012147190422152846,17,22249835.0
snp_21_10153373,0.010751766256036408,0.0030326180340742815,21,10153373.0
snp_16_14008839,0.01460571317965456,0.0027306642131211195,16,14008839.0
snp_3_129359012,0.007599378193045127,0.0035766515461983775,3,129359012.0
snp_10_61219610,0.006577227514407632,0.0011451785847511127,10,61219610.0
snp_10_76303284,0.02333175710687432,0.008055087398118038,10,76303284.0
snp_4_190656764,0.005749284599437343,0.002876184460414093,4,190656764.0
snp_4_190867188,0.002396035955797767,0.0017580675787529953,4,190867188.0
snp_1_10895904,0.13634191480532118,0.06906159133157361,1,10895904.0
snp_5_123411080,0.057629704286372214,0.018347360129743064,5,123411080.0
snp_12_53196303,0.01062866895831968,0.004939039028306071,12,53196303.0
snp_4_172986805,0.15677107365413068,0.07877212549804086,4,172986805.0
snp_20_10544584,0.033117091590591945,0.009326153606765045,20,10544584.0
snp_3_10281200,0.011473082310770108,0.004979596147769638,3,10281200.0
snp_11_25435300,0.03493242158118546,0.01695436704780107,11,25435300.0
snp_10_107428762.1,0.004113270265192257,0.0006310747033537371,10,107428762.1
snp_2_135666945,0.01599775202622201,0.006084740171359267,2,135666945.0
snp_21_11058226,-0.09019468832064863,-0.0567244308060777,21,11058226.0
snp_21_11058229,-0.005551220044216031,-0.0017981236764233596,21,11058229.0
snp_2_809335,-0.013057125160392468,-0.006818527757714791,2,809335.0
snp_1_239472058,-0.006952559617658113,-0.0014359848500707067,1,239472058.0
snp_20_26251980,-0.006064330388609216,-0.00214265581072522,20,26251980.0
snp_9_67326551,-0.014295460928492315,-0.007200552690613373,9,67326551.0
snp_9_67326552,0.01781462395954985,0.009951786262513303,9,67326552.0
snp_14_40102857,0.007840613170567392,0.0018132683760096616,14,40102857.0
snp_9_707064,0.043864614242973554,0.010822578295186815,9,707064.0
snp_11_26066615,0.002844870726600235,0.00100591664886962,11,26066615.0
snp_11_61778091,0.10337203476335508,0.07030642662009767,11,61778091.0
snp_2_96381093,0.042376694714552396,0.018742703976853264,2,96381093.0
snp_6_58775623,-0.006249729494887448,-0.002205888597388684,6,58775623.0
snp_4_49180986,0.021372673846611352,0.010200825613177372,4,49180986.0
snp_7_61800922,0.005810259051375138,0.0018003926843044422,7,61800922.0
snp_2_83685703,0.09658047466716725,0.052403602118798055,2,83685703.0
snp_8_96636221,0.059199749453354364,0.017489074308134622,8,96636221.0
snp_2_132783213,0.011314931338017536,0.005294718697618617,2,132783213.0
snp_3_123912059,0.18421801291927845,0.1047633045749303,3,123912059.0
snp_21_9648893,-0.0006068686752112617,-0.0005663388417311911,21,9648893.0
snp_21_9971066,0.025297935705462536,0.014431438874226637,21,9971066.0
snp_5_108779801,-0.007725630846617545,-0.001085052150870053,5,108779801.0
snp_4_13693978,0.08012100041289584,0.042898134286682314,4,13693978.0
snp_21_42020025,-0.0022922682350885863,-0.0011905922591328281,21,42020025.0
snp_9_1678137,0.09706662794765153,0.05756195206630774,9,1678137.0
snp_10_135449846,0.013033302338383212,0.004928974520228788,10,135449846.0
snp_7_129408594,0.09061035721836438,0.053547259390310395,7,129408594.0
snp_4_81590299,-0.019128998557698236,-0.009973664806860894,4,81590299.0
snp_16_103517,0.050821260425897005,0.02976612688528219,16,103517.0
snp_18_29761954,0.023304871999628878,0.00530583738387509,18,29761954.0
snp_9_68697290,0.019867044786526362,0.008115182105454873,9,68697290.0
snp_18_29770751,0.01843813796666572,0.0042425114324771505,18,29770751.0
snp_3_80319476,0.01453158890865984,0.0046482993501333145,3,80319476.0
snp_17_103839,0.0030426529302660446,-4.787971826046859e-06,17,103839.0
snp_16_18029324,0.06929060049733296,0.025807961840586743,16,18029324.0
snp_9_68438424,-0.004373069516022848,-0.001682975256343003,9,68438424.0
snp_11_89308027,-0.06552692088879446,-0.03055697345193621,11,89308027.0
snp_9_44327304,0.022345263282270135,0.011966691115962505,9,44327304.0
snp_3_86048371,0.03364293232404293,0.014719855533265394,3,86048371.0
snp_9_38303825,0.03053792479608596,0.019972513385891035,9,38303825.0
snp_2_91662849,-0.01379147492972043,-0.005855935307371074,2,91662849.0
snp_8_90168060,-0.03224830598944978,-0.02169627457904811,8,90168060.0
snp_11_68890034,0.03929610298457983,0.016117571423785754,11,68890034.0
snp_7_30630491,0.010380760346120866,0.004044425480828092,7,30630491.0
snp_18_536487,-0.016498107846510335,-0.00555596021985991,18,536487.0
snp_9_70932019,-0.018753638064683737,-0.008670508108182295,9,70932019.0
snp_5_148758183,0.06605797975112959,0.0436794900733504,5,148758183.0
snp_20_22971680,0.046247563861217186,0.014045714799106688,20,22971680.0
snp_9_78822412,0.05403723177557742,0.029327881643293655,9,78822412.0
snp_1_16834865,0.00327319064122487,0.0009880656062882947,1,16834865.0
snp_17_21547110,0.008752598464531646,0.0032209866310434687,17,21547110.0
snp_9_77812099,0.06950843529566311,0.04804843466001453,9,77812099.0
snp_16_46403251,-0.013160491254758905,-0.007514430464059447,16,46403251.0
snp_4_10839999,-0.034621308294948014,-0.017720161057588713,4,10839999.0
snp_7_57922694,0.017901029589831956,0.006143137344256068,7,57922694.0
snp_5_61894207,0.0025465151580140065,0.0026302522478676713,5,61894207.0
snp_18_76130387,-0.011692147428490637,-0.0064514986146429094,18,76130387.0
snp_1_235650369,0.023457363161138348,0.004726446498083028,1,235650369.0
snp_11_48771041,-0.01190686527191859,-0.006337990154794613,11,48771041.0
snp_18_8621317,0.014699114670125439,0.006201252445237913,18,8621317.0
snp_1_16981152,0.0005862952260072314,-0.0001336041237294947,1,16981152.0
snp_15_34163723,0.03893940198751412,0.007044892430201913,15,34163723.0
snp_3_86630917,0.009352281659054858,0.0030125587235114927,3,86630917.0
snp_2_10247322,0.01109403484647251,0.0017756095824219074,2,10247322.0
snp_17_21535233,0.003040167191662496,0.001329651155664707,17,21535233.0
snp_9_68392495,-0.0264279329146436,-0.014786695943780768,9,68392495.0
snp_1_28168031,0.051363264406570366,0.0181185061657965,1,28168031.0
snp_16_2007391,-0.01995810517709019,-0.010700030997775833,16,2007391.0
snp_14_28328538,-0.014235470677561016,-0.004857482131608348,14,28328538.0
snp_18_75320841,0.04842398295109715,0.014243458655789935,18,75320841.0
snp_13_74682115,0.07990584506646536,0.015378030966491093,13,74682115.0
snp_7_57728358,-0.011564211016748191,-0.005687504488325055,7,57728358.0
snp_16_1235792,-0.0019812241341386834,-0.00048256773986498876,16,1235792.0
snp_1_152384764,0.05487440624504856,0.015272672597514442,1,152384764.0
snp_16_33044267,0.010189900810830214,0.004888343174907483,16,33044267.0
snp_10_124502623,0.04808786484923806,0.01975198781125983,10,124502623.0
snp_19_5187017,0.002452427873805095,0.0006417739544584999,19,5187017.0
snp_4_190230233,0.0003012793746792873,-0.0003770715379443273,4,190230233.0
snp_10_63804249,0.021121983205322045,0.0017391975534744063,10,63804249.0
snp_4_183537539,0.03909559417092363,0.02013125063303134,4,183537539.0
snp_7_134729658,0.044013871326713534,0.01867171451316046,7,134729658.0
snp_12_38502943,0.003075299457625627,0.0007036532213241407,12,38502943.0
snp_6_13149321,0.015581954202721026,0.009513204557586854,6,13149321.0
snp_3_75912708,0.002383083039755625,0.0012326915776932554,3,75912708.0
snp_4_190512733,0.006142641404562358,0.0027886663635154517,4,190512733.0
snp_10_61108674,0.02102424747216125,0.004058590382609363,10,61108674.0
snp_19_20472073,0.013181893796560654,0.005559832916057186,19,20472073.0
snp_8_43794326,0.021474452293039195,0.011236103085536587,8,43794326.0
snp_10_108833976,0.035568116040615605,0.00935597531748488,10,108833976.0
snp_20_25736455,-0.005607209633462197,-0.0006399260508891593,20,25736455.0
snp_11_120855337,0.08837412595459261,0.031320088564853125,11,120855337.0
snp_1_5716437,-0.018847612784174305,-0.011269849058784961,1,5716437.0
snp_17_18930659,-0.04910288420915786,-0.029346180278933605,17,18930659.0
snp_1_28266957,-0.015288668536294656,-0.007966003865610628,1,28266957.0
snp_1_28266958,-0.009438550728707,-0.002344978501619924,1,28266958.0
snp_8_58127912,-0.00930822906272577,-0.0041645266642411135,8,58127912.0
snp_13_112290416,-0.056553163512943344,-0.03639334884246154,13,112290416.0
snp_1_202133524,-0.033400644110268336,-0.020813291036010935,1,202133524.0
snp_4_73266189,0.010459952969336665,0.0027788347347530266,4,73266189.0
snp_17_16096557,-0.005753267685011018,-0.0017394043279148176,17,16096557.0
snp_8_13076892,-0.018795178638907888,-0.007543091607252873,8,13076892.0
snp_9_69470434,-0.023991601788970987,-0.007293885479313655,9,69470434.0
snp_4_189718077,-0.011328004307392892,-0.004152616755200447,4,189718077.0
snp_17_21552239,0.024229093046002292,0.007115495470447347,17,21552239.0
snp_3_129439906,6.0879579293194536e-06,6.481951424856173e-05,3,129439906.0
snp_2_76699249,0.06409400495863177,0.03919060573947228,2,76699249.0
snp_15_20124735,0.00345018666527699,0.000852681576217275,15,20124735.0
snp_3_143168893,-0.008353571911139404,-0.0031814412294852118,3,143168893.0
snp_10_42404585,0.018226721065613273,0.00827533015826323,10,42404585.0
snp_3_129350751,0.009023250494282565,0.005167583815907406,3,129350751.0
snp_10_131686390,0.020476220363425845,0.003374297920960589,10,131686390.0
snp_1_143487103,-0.022455182612651173,-0.008158482691025516,1,143487103.0
snp_18_18518805,0.0004780205475203933,-0.0002025569592446062,18,18518805.0
snp_18_15173962,0.005419238054661271,0.0019100947657706116,18,15173962.0
snp_11_77659727,-0.01523290810956913,-0.005772073946352422,11,77659727.0
snp_20_32074430,0.1609172760738656,0.09903510735128052,20,32074430.0
snp_2_95525540,0.000439322325255244,0.00029137725069329544,2,95525540.0
snp_18_29754675,0.021629790849212547,0.003353456982534359,18,29754675.0
snp_4_174720351,-0.0006652646577572038,0.0007155794342156767,4,174720351.0
snp_18_18513400,0.01086269534841322,0.003175915761683108,18,18513400.0
snp_18_18513401,0.004352448072729497,0.001871430285004097,18,18513401.0
snp_10_76322159,0.02482071891148639,0.00699077340904752,10,76322159.0
snp_17_20784106,0.013392411680029498,0.008010206174903535,17,20784106.0
snp_17_20784107.1,0.004081439705443964,0.0012849159272326609,17,20784107.1
snp_10_64615759,0.001300290325271463,0.00013179394851450956,10,64615759.0
snp_15_22533044,-0.02879873428612496,-0.018507704307259235,15,22533044.0
snp_2_115129526,-0.0012683780004354198,0.00010825835157577283,2,115129526.0
snp_11_87102080,0.017917168642158005,0.006820901260298253,11,87102080.0
snp_10_66813184,0.0651181723507315,0.010508513869552389,10,66813184.0
snp_13_42113805,-0.014936034882225814,-0.007066058999963435,13,42113805.0
snp_4_190840245,-0.023322078255415744,-0.013640172977576095,4,190840245.0
snp_7_63221029,0.01630902037776455,0.006865818972486764,7,63221029.0
snp_15_96023494,0.04850674143068956,0.026959211611128006,15,96023494.0
snp_10_42535910,0.004429935599608774,0.0010383683315370723,10,42535910.0
snp_10_73292484,-0.01288762781966715,-0.00414472758894093,10,73292484.0
snp_4_68837742,0.002580973228807918,0.0007664828664119752,4,68837742.0
snp_6_165743113,-0.010946421594810051,-0.004247565213199323,6,165743113.0
snp_6_165743115,-0.005429666232767523,-0.0014348116035824505,6,165743115.0
snp_13_24718135,0.1171324192447442,0.04086688208303629,13,24718135.0
snp_11_68899450,0.03916842137087837,0.01739808638069537,11,68899450.0
snp_15_20106431,0.010389584273111973,0.00497365174354753,15,20106431.0
snp_6_77613242,-0.004911917784042621,-0.0011481965182879067,6,77613242.0
snp_10_22347127,0.027732562385020736,0.007223472338764907,10,22347127.0
snp_10_39048551,-0.0029888299781729,0.0003438613085137641,10,39048551.0
snp_10_39048552,0.0020981426488932845,0.0008411510243260629,10,39048552.0
snp_3_129453798,0.03110805103603967,0.01628606486984828,3,129453798.0
snp_4_128561751,-0.009830408372629417,-0.005129853722076475,4,128561751.0
snp_11_2825279,-0.009519792263194639,-0.005106846183058468,11,2825279.0
snp_21_18746599,0.05867787992103107,0.011325029065093053,21,18746599.0
snp_9_21946196,0.05609868608815319,0.03147049401861017,9,21946196.0
snp_9_68694865,-0.0017806463540639785,-0.00028719828766117744,9,68694865.0
snp_18_15169034,-0.011324763790047735,-0.00611361736145768,18,15169034.0
snp_16_33037976,0.013685424810882939,0.006437024707509853,16,33037976.0
snp_12_129948681,-0.007554041402905869,-0.0038297819042704307,12,129948681.0
snp_10_132560815,0.008019592879452619,0.0012564634456354738,10,132560815.0
snp_11_2858440,-0.014005556560032542,-0.009025731777916494,11,2858440.0
snp_16_29632744,0.006136485656762573,0.0010122346584763324,16,29632744.0
snp_1_2055735,-0.019063623198047844,-0.00913377319150379,1,2055735.0
snp_15_20175254,0.007283034918089801,0.002754890226852093,15,20175254.0
snp_1_243016268,0.05232067317709663,0.032279048381600645,1,243016268.0
snp_11_13024439,-0.01546431321973724,-0.00844473145337388,11,13024439.0
snp_1_48874129,0.021374507427089656,0.009563938759834932,1,48874129.0
snp_3_80324492,0.008935757559115524,0.0003890411613819867,3,80324492.0
snp_1_158166397,0.05026400350145657,0.01799858875821377,1,158166397.0
snp_9_137356613,0.006305181650288163,0.0007272978705881683,9,137356613.0
snp_16_62783842,0.055747040315978845,0.015574424065388184,16,62783842.0
snp_10_60444660,0.01631983890545866,0.008101420403561939,10,60444660.0
snp_7_26973897,0.007392923800267226,0.0029150513707168458,7,26973897.0
snp_5_10882426,0.056598621227381095,0.0263407310139036,5,10882426.0
snp_7_390213,0.0027174947185267763,0.0006856876234704711,7,390213.0
snp_19_27870797,-0.01018176539612672,-0.006578468099091756,19,27870797.0
snp_20_11817669,0.02857161884468365,0.007728785835654326,20,11817669.0
snp_4_84674135,-0.03206241360949294,-0.011657488427865554,4,84674135.0
snp_10_76112590,0.024765082305346846,0.0080137657041254,10,76112590.0
snp_6_62773255,-0.009043881136170481,-0.002931901663135325,6,62773255.0
snp_6_37047011,0.02305929185471161,0.005337495370103546,6,37047011.0
snp_3_83721732,0.056960934561052355,0.02646485388547564,3,83721732.0
snp_9_67335851,0.0014918518786758753,3.638176955798125e-06,9,67335851.0
snp_9_68728651,-0.015501258550751233,-0.005585735751944124,9,68728651.0
snp_12_53198353,0.025464139299966167,0.017251013729187633,12,53198353.0
snp_5_38722363,0.08447232737376974,0.05591291197800256,5,38722363.0
snp_16_33965812,0.020745801185423508,0.011888850535757159,16,33965812.0
snp_16_33965813,-0.003241326019166438,-0.000433574525578634,16,33965813.0
snp_3_129437479,0.024806978579538914,0.013511437437404156,3,129437479.0
snp_10_76284007,0.02748175237134709,0.008794230393241797,10,76284007.0
snp_2_241242331.1,0.017284084052001943,0.008142218134157199,2,241242331.1
snp_2_241242332.1,0.014038052075940685,0.004523936116238816,2,241242332.1
snp_19_56561120,0.08193750937077665,0.030577308127275486,19,56561120.0
snp_10_39108597,0.012136141685508695,0.005738119304714264,10,39108597.0
snp_2_2869243,-0.028087233889275,-0.01607547957806258,2,2869243.0
snp_8_65461774,-0.014453294094204509,-0.004793283973352382,8,65461774.0
snp_1_142544870,0.011196212928743563,0.004488420072897305,1,142544870.0
snp_3_80314233,0.011449871552718932,0.0030720510321433905,3,80314233.0
snp_6_70153946,0.004279532407927588,0.0013625363500077042,6,70153946.0
snp_20_26085757,0.0015075005373854171,4.329783340687136e-05,20,26085757.0
snp_10_45061923,-0.0027795998990596056,-6.718971260623767e-05,10,45061923.0
snp_6_31326612,-0.004278670137570087,-0.0011565982109526416,6,31326612.0
snp_6_31326613,-0.010698892925622159,-0.002851817854754052,6,31326613.0
snp_10_28000436,-0.009683682172698391,-0.0036605578175944314,10,28000436.0
snp_10_61094304,0.07792951711839056,0.04026587279209362,10,61094304.0
snp_4_117175645,0.014013992778615706,0.006157467725766829,4,117175645.0
snp_5_127750603,0.04744202916206921,0.015506887757863049,5,127750603.0
snp_15_62833740,0.030781038645333117,0.010676159411199069,15,62833740.0
snp_1_152389050,0.058093066031877104,0.013298499288091655,1,152389050.0
snp_11_175855,-0.00907925523826134,-0.0029885759216522756,11,175855.0
snp_4_49287847,0.017570573524103107,0.008384032505368021,4,49287847.0
snp_5_109351988,-0.0041845747511677035,-0.0009455757049620789,5,109351988.0
snp_5_109351989,0.14086211425110132,0.10123941114190999,5,109351989.0
snp_4_190830473,-0.0006355579097303781,0.00010985800602486955,4,190830473.0
snp_2_236228364,-0.010278365387109413,-0.0023332046423945266,2,236228364.0
snp_2_236228365,-0.027101826392900815,-0.010360419036612944,2,236228365.0
snp_12_55985505,-0.011000688701545804,-0.004337153669734113,12,55985505.0
snp_2_98333598,0.10009605259583362,0.03893751524657786,2,98333598.0
snp_1_244703307,-0.02809693567665806,-0.01638026271629825,1,244703307.0
snp_10_8703762,-0.013433766424626632,-0.005230857198544681,10,8703762.0
snp_1_202147456,-0.017458367893898003,-0.01227961501530571,1,202147456.0
snp_4_49111396,-0.026935519838192517,-0.018853516661027997,4,49111396.0
snp_3_113852462,-0.021325711474659132,-0.008203294227553533,3,113852462.0
snp_4_49299408,0.0010607727936291706,6.0675668028557206e-05,4,49299408.0
snp_5_126026009,0.095343702457147,0.0601008267777494,5,126026009.0
snp_1_28265165,0.06648287676004885,0.019216158274874343,1,28265165.0
snp_7_62322704,-0.0037185342433681866,-0.0017061055204908493,7,62322704.0
snp_6_57432511,0.002210635430696992,0.0009072506650665989,6,57432511.0
snp_19_5147864,0.0031349975405215546,0.0009105306933271917,19,5147864.0
snp_9_1667961,0.06231531025045528,0.028044863324273202,9,1667961.0
snp_7_142786651,0.039510630058665744,0.021410477745816954,7,142786651.0
snp_9_68692515,0.008554651609600287,0.002790294620209131,9,68692515.0
snp_12_53198338,0.00249622677189461,0.0009855615189061158,12,53198338.0
snp_6_37571581,0.03170976308221297,0.00799685292129304,6,37571581.0
snp_20_52032232,-0.007315901991788849,-0.002625589011949132,20,52032232.0
snp_20_52032233,-0.008618616282250992,-0.0025235492723621527,20,52032233.0
snp_20_26104019,0.02102899158638689,0.011063512940901143,20,26104019.0
snp_20_50189624,-0.009565927186924537,-0.005664180694509448,20,50189624.0
snp_1_143276644,-0.0013734175817967846,-0.00027455149207797824,1,143276644.0
snp_16_9536673,0.0049917334815386925,0.000884710390173924,16,9536673.0
snp_20_25734788,-0.00876250562760994,-0.00294327528370563,20,25734788.0
