,snp,shap
388,snp_1_38934792,0.032433888723733116
258,snp_5_69380555,0.030073701973090023
662,snp_16_86714205,0.02885772612722804
557,snp_2_97912760,0.027844282050588892
334,snp_22_27854694,0.027637546655825764
815,snp_9_77812099,0.02637913559898636
843,snp_4_183537539,0.024401849796145385
499,snp_3_114644927,0.022801783254796173
411,snp_6_44264681,0.02155898541100639
496,snp_8_46851976,0.019596263551159673
10,snp_6_78992097,0.01855316266457504
197,snp_9_1686060,0.018445644671623438
307,snp_2_10155545,0.017618898991477273
97,snp_2_165591505,0.015716252809952383
860,snp_13_112290416,0.015177516584062481
311,snp_6_95676216,0.013784977036092749
93,snp_1_202130166,0.0133736829067427
26,snp_21_9675408,0.012345290887243825
131,snp_3_75716961,0.012158184449248127
774,snp_11_61778091,0.011919283675951154
104,snp_5_137301920,0.011780845918071948
451,snp_3_88710522,0.01068581607643627
936,snp_4_84674135,0.01037492410145514
919,snp_11_2858440,0.009766105304682185
817,snp_4_10839999,0.009761742554520024
909,snp_3_129453798,0.009735901402039206
717,snp_5_123614329,0.009591028060828994
16,snp_1_10890345,0.009220223397339888
264,snp_11_4464749,0.009183289317795463
205,snp_11_20639062,0.008941143588431743
310,snp_6_57472841,0.008664301871767139
977,snp_1_244703307,0.00865045905366989
152,snp_2_135589129,0.008583437261327362
362,snp_1_142898807,0.008493883357545584
518,snp_7_61664715,0.008389488365272927
776,snp_6_58775623,0.008347544620205182
889,snp_15_22533044,0.008319381952918438
433,snp_8_23479247,0.00830379099499163
162,snp_16_82889990,0.007778482330331752
844,snp_7_134729658,0.0077710013325353955
796,snp_3_80319476,0.0076600735411559125
683,snp_7_65058642,0.007646467770373715
974,snp_2_236228365,0.007337750701411317
989,snp_7_142786651,0.007275183183629146
224,snp_12_68585235,0.007216008459488658
94,snp_9_69065706,0.007180401239809678
548,snp_2_203762649,0.007091078755094489
651,snp_17_32403030,0.007069500207116129
856,snp_17_18930659,0.007036262871632785
896,snp_15_96023494,0.006879672877854142
855,snp_1_5716437,0.00683172415070861
584,snp_2_83463165,0.006809076749449513
590,snp_7_5890153,0.0067737608229295225
677,snp_5_137332882,0.0067308729819441715
317,snp_10_2563561,0.006601485599540418
800,snp_11_89308027,0.006344053547857798
361,snp_1_158196211,0.006332511729649505
996,snp_20_50189624,0.006277366840330942
981,snp_3_113852462,0.006149797969644058
515,snp_20_50184300,0.005997919800669135
734,snp_10_15653812,0.005995572965492403
801,snp_9_44327304,0.0059364238722744225
81,snp_5_93197031,0.00572084064197704
144,snp_10_5001653,0.005718261282378861
365,snp_3_110677390,0.005660318096238725
87,snp_11_2830565,0.005646365780048175
330,snp_2_92313114,0.00555438155438184
771,snp_14_40102857,0.005499110484682929
525,snp_22_24786840,0.005463129246552879
646,snp_5_114737203,0.005442368992606311
576,snp_3_129352775,0.005395013729471095
41,snp_20_29430341,0.005176517870483962
766,snp_2_809335,0.005107995211299015
417,snp_16_60794,0.005085670847051032
980,snp_4_49111396,0.005071797420106647
575,snp_20_29456751,0.005058980279023762
718,snp_8_86573110,0.005044931806390406
366,snp_4_49622637,0.0049981798736928465
418,snp_20_25739265,0.00497619895068123
265,snp_17_15464147,0.00494359982814783
177,snp_8_46853299,0.004929844711026047
665,snp_4_8581425,0.004904973241952391
337,snp_20_25748116,0.0048811260938302495
645,snp_12_53195455,0.004865009281120399
537,snp_6_32512639,0.004747939246774362
760,snp_3_10281200,0.004714517188850714
96,snp_12_27588216,0.004689674458415577
280,snp_1_48212615,0.00468110398462604
649,snp_2_1148576,0.004646683493955048
406,snp_2_92180983,0.0046100211774855755
183,snp_12_53197957,0.004603928443320591
787,snp_21_42020025,0.004590043716957945
857,snp_1_28266957,0.004527457328756844
471,snp_20_24838577,0.004515034591849823
216,snp_16_46437407,0.004428688284357293
971,snp_5_109351989,0.004416727258243439
770,snp_9_67326552,0.004392309708978304
904,snp_15_20106431,0.004328827234815324
810,snp_5_148758183,0.004301246103549708
139,snp_3_191831331,0.0042973020668361905
567,snp_10_5889453,0.004285272167420567
494,snp_7_61973197,0.004278745540582505
616,snp_17_25278217_1,0.004249201548695109
923,snp_1_243016268,0.004204578385469127
400,snp_7_151981359,0.004202567287839052
457,snp_18_43457230,0.00419757178304842
13,snp_13_19312573,0.004187567620924934
140,snp_7_61971642,0.004184469057585048
994,snp_20_52032233,0.004142587356966201
563,snp_11_363705,0.004084720648832452
5,snp_4_49530811,0.004081040481181351
846,snp_6_13149321,0.004020399349673004
691,snp_9_69081923,0.004012004350519751
179,snp_2_135721175,0.003925753887414664
263,snp_5_75232136,0.0039214825565802485
799,snp_9_68438424,0.003920244873157598
189,snp_17_21551983,0.003917643822855984
656,snp_17_25302567,0.00390981440105119
585,snp_1_143395212,0.003902020702980588
594,snp_2_133348851,0.003888941795891306
351,snp_5_77393207,0.0038851953058180637
592,snp_10_42360883,0.0038822078823215755
642,snp_8_43835716,0.0038767027808099715
62,snp_5_123618908,0.0038335228429370862
884,snp_18_18513401,0.0038205113437298184
723,snp_17_21209577,0.003807254014389805
720,snp_15_62191328,0.0038064806101904586
879,snp_20_32074430,0.0037415986175979347
564,snp_5_143357949,0.003736381454661896
924,snp_11_13024439,0.0037127966052172955
754,snp_4_190867188,0.0037124036089645914
890,snp_2_115129526,0.0036687777660015437
789,snp_10_135449846,0.0036188859413408807
895,snp_7_63221029,0.003609427541064336
401,snp_15_35738419,0.003584520277268807
558,snp_1_67308913,0.0035788865330148682
474,snp_6_157707337,0.003572643912624481
52,snp_17_22066835,0.003572636747293379
267,snp_3_154153075,0.003562350695955969
190,snp_5_78885455,0.0035449577848088642
235,snp_5_1796121,0.0035421900607983153
512,snp_5_151859976,0.003530127285835885
57,snp_9_68451543,0.0035252217857929557
627,snp_11_175543,0.0035177751276081817
696,snp_22_36673358,0.00351531676863093
709,snp_10_51948737,0.0035029864627082086
369,snp_18_29488804,0.003476511621978025
959,snp_10_45061923,0.003465926833712081
348,snp_9_68408699,0.0034643591497642745
685,snp_16_544844,0.003449762359539774
805,snp_8_90168060,0.0034288065337210517
504,snp_6_156333097,0.003406487542854918
478,snp_19_44916319,0.003394413328809961
721,snp_14_28279117,0.0033823450562870563
279,snp_10_42769080,0.0033780992775368835
480,snp_1_86002670,0.003359264671145896
985,snp_7_62322704,0.0033434795217560857
193,snp_6_153750112,0.0033414125713525497
4,snp_12_41767967,0.003338968460895197
239,snp_17_21334759,0.00333757003140823
355,snp_10_135449735,0.0033316234544728306
565,snp_2_90440881,0.0032986248416560543
745,snp_9_44123900,0.00327959282281982
78,snp_16_9620341,0.0032786959813958538
506,snp_6_70153927,0.0032592115424603407
714,snp_16_33846918,0.003256081754074748
599,snp_18_15060137,0.0032447207521326443
708,snp_19_27737780,0.0032419328184884934
274,snp_9_68337543,0.003236398733925794
18,snp_2_3319086,0.003228131029911345
222,snp_19_4245811,0.003227865254956828
908,snp_10_39048552,0.0032197220523366835
246,snp_3_75836278,0.003204909908220386
609,snp_19_23093095,0.0031995384898136636
296,snp_4_117175886,0.0031891147698767863
956,snp_3_80314233,0.003184888639394531
338,snp_22_24786835,0.0031739194372694475
498,snp_9_66515583,0.0031543982623908804
421,snp_11_106580904,0.0031512736350393683
399,snp_5_75233087,0.00314585807786237
546,snp_17_22249489,0.003145762898634314
816,snp_16_46403251,0.0031151314639431263
917,snp_12_129948681,0.00311198150374669
873,snp_3_129350751,0.003111552068651196
384,snp_6_115237279,0.0031080011676532914
950,snp_2_241242332_1,0.0031079369166778113
356,snp_21_11162744,0.003103032690674456
824,snp_1_16981152,0.0030876846046463623
449,snp_7_149744531,0.0030837958437155456
968,snp_11_175855,0.003082210393490924
620,snp_12_68585235_1,0.0030759137293956845
327,snp_1_157131579,0.0030714847545405123
538,snp_19_4243792,0.0030590389827336627
597,snp_2_90431373,0.003057971407390108
522,snp_4_4227934,0.0030431021432519067
439,snp_9_139673383,0.0030410130156701774
220,snp_10_95289,0.0030289603588028553
679,snp_10_77093141,0.003020204521867588
528,snp_10_14211116,0.003016764926455796
490,snp_2_95514744,0.003014444478102729
61,snp_20_4813598,0.0030134151553515994
99,snp_15_20356143,0.0030102823310371517
313,snp_9_69019136,0.0030012315597503915
312,snp_11_109446555,0.0029906774335147633
983,snp_5_126026009,0.0029769597542708597
851,snp_8_43794326,0.002961374556498753
326,snp_11_20656182,0.0029370553594435366
911,snp_11_2825279,0.0029327397160261418
942,snp_9_68728651,0.0029326606567874015
617,snp_20_4813252,0.002932508524132727
89,snp_3_35149197,0.0029323795956047315
644,snp_13_109449335,0.0029289013631202455
261,snp_8_15418315,0.002913337528768776
169,snp_17_20778848,0.0029130730224457622
540,snp_3_175308041,0.0029053873147349696
487,snp_14_95888120,0.002899506269879861
822,snp_11_48771041,0.0028993862009869817
286,snp_9_66469729,0.002876712927410711
568,snp_11_51590432,0.002873008570928374
74,snp_9_69800646,0.002871494600427007
293,snp_4_190556140,0.0028627080712376987
501,snp_2_92308850,0.0028550024681075247
147,snp_3_75903302,0.002852758936250202
484,snp_4_190514084,0.002847530331160102
250,snp_1_143516295,0.002846485459482766
336,snp_11_20639043,0.002835374592631831
867,snp_17_21552239,0.002832053032293609
503,snp_7_84964013,0.0028229905080915424
958,snp_20_26085757,0.0028086611213510673
804,snp_2_91662849,0.0028079206380136547
396,snp_11_20638832,0.002805415420946529
67,snp_8_46853023,0.002804263173199337
577,snp_14_107105502,0.00280069864707862
159,snp_5_6971076,0.002797238778991871
520,snp_2_236098237,0.0027940389957923782
813,snp_1_16834865,0.0027922369406365925
260,snp_19_28671592,0.0027919103531179115
92,snp_7_61065157,0.0027900366370734414
438,snp_5_16226,0.0027869216320555034
952,snp_10_39108597,0.0027864284000231276
693,snp_21_10148902,0.0027808662659183658
593,snp_7_61667561,0.0027748060119106225
831,snp_16_2007391,0.0027698365945947848
442,snp_1_152395302,0.002768331282933712
475,snp_5_75231514,0.0027653420459758087
135,snp_12_128030186,0.0027637803480412603
853,snp_20_25736455,0.002746899161398025
339,snp_2_89083459,0.0027454524540285255
660,snp_7_61971641,0.002739529206753524
530,snp_7_61077808,0.002739340627777158
150,snp_14_32979670,0.002719547734253309
687,snp_4_181784699,0.002718788383867026
769,snp_9_67326551,0.0027155413741283816
385,snp_22_25226663_1,0.00271107338051131
962,snp_10_28000436,0.0027033512427817002
882,snp_4_174720351,0.002696523001626178
379,snp_11_89308032,0.0026904637626425
554,snp_17_45214682,0.002685960686285753
243,snp_7_57918156,0.002677099271288791
14,snp_14_24068020,0.0026754761400972675
332,snp_9_68500280,0.002672562470340535
308,snp_9_15984098,0.0026692491111396607
65,snp_7_151986763,0.002666573348693023
50,snp_5_75229506,0.002664822099500135
431,snp_3_12508272,0.0026631876278042548
35,snp_1_202143512,0.002660709906217669
808,snp_18_536487,0.0026582599570673456
402,snp_22_16904315,0.0026555831997334594
541,snp_15_91216775,0.00264616084726098
137,snp_9_68468168,0.00264490659133917
244,snp_3_12588356,0.002642814524567258
359,snp_1_30484065,0.0026370895268820575
948,snp_10_76284007,0.0026324245595324247
632,snp_15_96023936,0.002630765467676149
727,snp_5_16460,0.0026223380420349394
252,snp_2_241242331,0.0026115204549013752
901,snp_6_165743115,0.0026087684574674277
489,snp_10_135399043,0.002608477099570564
600,snp_14_24068018,0.0026044324148105833
237,snp_5_99418740,0.002600365808271278
70,snp_9_45352362,0.002594777383559163
372,snp_5_3971433,0.0025923407697798716
900,snp_6_165743113,0.0025864216263099212
990,snp_9_68692515,0.002577479059995152
254,snp_7_76792320,0.002576991393898864
428,snp_21_9461760,0.002574062209821343
53,snp_2_132769081,0.0025623172666299344
69,snp_4_49218918,0.0025618818972334896
700,snp_9_69634756,0.002556338342780979
79,snp_10_42646988,0.0025513719706629742
947,snp_3_129437479,0.0025503288820864643
23,snp_1_121480527,0.002548822427564529
459,snp_6_41187036,0.0025451801667537625
204,snp_2_87089092,0.0025396911718227944
862,snp_4_73266189,0.00253900451546221
109,snp_22_25226662,0.0025339493473086412
742,snp_7_152084966,0.002533934283669612
967,snp_1_152389050,0.0025324762196791426
432,snp_18_28930643,0.0025319065430140196
278,snp_2_630555,0.0025295044890779237
208,snp_11_100217945,0.00252619173485907
779,snp_2_83685703,0.002524498573148685
921,snp_1_2055735,0.002521107175717325
319,snp_7_57630128,0.002517829295823187
743,snp_5_75230976,0.002515549019773517
47,snp_21_33452974,0.0025126106369651006
24,snp_2_92322759,0.0024991679968811207
835,snp_7_57728358,0.002496161656888803
48,snp_9_130881114,0.002495550868678439
464,snp_9_45352511,0.002488162478513033
318,snp_20_25734784,0.002484364097068297
30,snp_1_2621945,0.002461370475667416
991,snp_12_53198338,0.0024613201576081894
897,snp_10_42535910,0.00246026587104785
993,snp_20_52032232,0.0024570796495834947
746,snp_13_19646338,0.0024565004198868288
435,snp_2_151866631,0.0024465228832164865
134,snp_22_18726055,0.0024461566454658423
423,snp_16_34174610,0.0024451031899678424
659,snp_14_107105503_1,0.0024393492889142557
203,snp_9_68436750,0.0024333215878072907
77,snp_12_53195877,0.002432997593072649
859,snp_8_58127912,0.0024320621565192993
256,snp_9_167111,0.0024310488489442932
598,snp_2_90431374,0.002423032284587944
481,snp_2_92284539,0.0024222705034025807
43,snp_9_46434422,0.002421864757727865
861,snp_1_202133524,0.0024192543375383996
613,snp_20_25754756,0.0024166251394821384
352,snp_5_130068709,0.002415250318852474
102,snp_7_142478530,0.002412594431006517
290,snp_10_49864260,0.0024097663123198837
618,snp_16_8216408,0.0024054638688759517
803,snp_9_38303825,0.002403495745238369
916,snp_16_33037976,0.002400127008803879
791,snp_4_81590299,0.0023993165457210294
138,snp_20_25758251,0.0023920147186683774
392,snp_7_64570374,0.0023832902131842282
186,snp_4_184772445,0.002376142605925204
858,snp_1_28266958,0.00236793372828075
544,snp_11_2858546,0.00234461490449481
251,snp_4_190820298,0.0023429708808987257
201,snp_1_152395564,0.0023387130980506367
75,snp_9_68435428,0.0023375099815581336
672,snp_20_25744780,0.002332925618140987
271,snp_10_107428761,0.002326819453660612
273,snp_11_56527091,0.002323706603087864
437,snp_3_80314873,0.002323451729077881
486,snp_1_142926603,0.002316106257829049
941,snp_9_67335851,0.0023115149285893822
276,snp_10_105720542,0.002304161184732414
46,snp_6_87719930,0.0022975890066473854
349,snp_4_190818654,0.002294184724536819
98,snp_4_190840249,0.0022934580704469473
60,snp_9_69876282,0.0022888612561355708
841,snp_4_190230233,0.002286892343776322
832,snp_14_28328538,0.0022812476623452244
905,snp_6_77613242,0.0022598943905906997
954,snp_8_65461774,0.0022554489958237015
547,snp_3_75914438,0.0022539196895146
454,snp_8_70759241,0.002252822560802415
556,snp_5_807842,0.002234432099914924
214,snp_3_185700982,0.0022175866921917155
698,snp_1_48196380,0.0022145540710947586
269,snp_19_4278502,0.002207802558927115
868,snp_3_129439906,0.0022035030455221033
872,snp_10_42404585,0.002201739507720881
975,snp_12_55985505,0.002189155843886842
809,snp_9_70932019,0.0021811930550876706
416,snp_2_95514727,0.0021745054163739255
288,snp_20_10697678,0.002174306112392928
529,snp_14_63862582,0.00217380525483149
652,snp_20_50175535,0.002171657316017877
870,snp_15_20124735,0.002170999120069419
335,snp_22_44508971,0.0021643893118064006
955,snp_1_142544870,0.002163650153670194
732,snp_7_61077833,0.002159023371062793
875,snp_1_143487103,0.0021530889421038147
44,snp_7_64570438,0.0021470128004254223
781,snp_2_132783213,0.002146596991576857
172,snp_7_57613522,0.002144948175706517
719,snp_3_129347610,0.002144182906710576
607,snp_7_61067326,0.002141831573724957
228,snp_5_122577304,0.0021343042551172716
340,snp_10_121974998,0.0021342704627259177
173,snp_2_209699874,0.002133422519497703
907,snp_10_39048551,0.002130621017118998
513,snp_7_30802329,0.0021242861831593167
444,snp_19_4242521,0.002118447546188723
174,snp_1_819858,0.0021105101125996847
680,snp_2_92324676,0.0021068168185200235
145,snp_8_46852364,0.0021033346775605533
407,snp_13_88759804,0.0021003775932363377
636,snp_17_21529833,0.0020987186528500833
217,snp_17_20784107,0.002095159571892868
485,snp_21_9564595,0.0020951039482732994
165,snp_18_14867120,0.002077237368362894
425,snp_19_15784801,0.002076971477406764
957,snp_6_70153946,0.0020729152027730026
168,snp_12_105480313,0.0020652171022127663
95,snp_10_75909400,0.0020613710072839363
586,snp_5_75231448,0.0020520589564977034
688,snp_4_181784701,0.0020509093725888925
757,snp_12_53196303,0.002044811030376183
633,snp_5_122577279,0.0020406521095295226
943,snp_12_53198353,0.002040297425066634
637,snp_2_223019832,0.0020391410003767732
129,snp_17_25279151,0.0020344644253160776
84,snp_4_115441933,0.0020240119373094697
949,snp_2_241242331_1,0.002021754032319457
794,snp_9_68697290,0.0020216588701090343
886,snp_17_20784106,0.002021497466585009
850,snp_19_20472073,0.0020214107866765234
702,snp_3_114638505,0.0020177177374388145
196,snp_6_57482346,0.0020155353084745243
979,snp_1_202147456,0.0020153235838505394
748,snp_21_10153373,0.0020149480434353373
705,snp_20_26189370,0.0020106595455388165
894,snp_4_190840245,0.0020093517075445225
467,snp_3_80316505,0.002007482846957251
272,snp_10_107428762,0.00200534286058662
783,snp_21_9648893,0.002004439500650413
202,snp_2_92313129,0.0020013211240452527
724,snp_1_147851700,0.0019915850295284684
232,snp_2_193301036,0.0019840845867487487
259,snp_12_38208896,0.0019808601719860743
440,snp_6_154846330,0.0019793166757917646
287,snp_1_814244,0.0019737894713957147
928,snp_9_137356613,0.0019732774828190914
460,snp_6_41187037,0.0019717617990808426
534,snp_1_27615593,0.001966673252254256
573,snp_3_33011587,0.0019628718519513503
523,snp_9_69014543,0.001962592290219231
761,snp_11_25435300,0.0019575633524691887
248,snp_10_39046508,0.001950998832678112
128,snp_3_75803924,0.0019506786436032618
473,snp_2_90440875,0.0019484149350398852
524,snp_15_20119035,0.0019425620424548618
101,snp_4_65223734,0.0019290827804518615
2,snp_9_25963828,0.0019267232455275932
722,snp_1_58739732,0.0019240578459866844
876,snp_18_18518805,0.0019197003724304826
628,snp_17_21554342,0.0019122781415637157
443,snp_2_90475565,0.0019088297650018769
36,snp_20_29434600,0.0019037171663531804
922,snp_15_20175254,0.001898228003317784
838,snp_16_33044267,0.0018963120674451057
681,snp_7_151941917,0.001894508736510412
829,snp_9_68392495,0.0018922367632513066
640,snp_5_92552182,0.0018900788616175014
863,snp_17_16096557,0.0018837543699049303
363,snp_2_176568554,0.001857749459238699
213,snp_7_61842476,0.0018500411304816712
535,snp_21_39994906,0.0018485952871395508
536,snp_6_32512638,0.0018462364154242731
419,snp_10_76225440,0.0018456231946233552
374,snp_22_42141117,0.0018406843204339942
848,snp_4_190512733,0.0018403871317300637
671,snp_7_151957978,0.0018400449600821046
403,snp_10_134824630,0.0018321323740099593
866,snp_4_189718077,0.0018265658702943366
412,snp_2_41747478,0.0018256013515629119
314,snp_16_68497531,0.0018227376629922209
634,snp_9_68672476,0.001813068206882631
542,snp_15_91216776,0.0017993038371637042
377,snp_4_49302354,0.0017983360701427126
885,snp_10_76322159,0.0017937377823803696
453,snp_7_64570441,0.0017927777017585135
673,snp_7_61976715,0.0017850363558707073
434,snp_2_216241781,0.0017811885180896397
119,snp_10_118897621,0.001779133516710381
284,snp_6_57448537,0.0017756392426428568
521,snp_16_9628891,0.0017731662523728794
118,snp_1_143124805,0.0017724081405737736
397,snp_1_121376591,0.0017703626709797843
253,snp_2_241242332,0.0017678430141646344
71,snp_9_68687665,0.0017659416251376377
960,snp_6_31326612,0.0017589975945533588
212,snp_16_32427006,0.0017572993302122188
982,snp_4_49299408,0.0017527189434733536
285,snp_2_154257322,0.0017514837814102814
938,snp_6_62773255,0.0017469774115058986
142,snp_19_20749906,0.0017413166496387442
376,snp_5_107869047,0.0017385765686844191
6,snp_2_96519717,0.0017378774600387947
55,snp_10_42389627,0.0017319127843166602
404,snp_9_66507150,0.0017235677856692975
170,snp_21_9497244,0.0017199110918851696
560,snp_1_12940412,0.0017171119312650574
107,snp_8_114920432,0.0017144318999292461
54,snp_10_113578542,0.0017120157555846741
527,snp_7_123687629,0.001703650633335787
864,snp_8_13076892,0.0016966095470155411
304,snp_16_9621251,0.0016913961037513365
828,snp_17_21535233,0.0016892879325673632
82,snp_2_91765437,0.0016868645734941644
519,snp_5_25079742,0.0016858554632977808
559,snp_4_190860169,0.0016760238591592533
898,snp_10_73292484,0.0016719619081264662
933,snp_7_390213,0.0016701665509643345
823,snp_18_8621317,0.0016660028787629853
426,snp_22_20341762,0.0016656830031954392
133,snp_4_49630246,0.0016640852144885491
765,snp_21_11058229,0.0016616581177206259
670,snp_11_45836996,0.0016614751775822694
837,snp_1_152384764,0.0016566758101504422
502,snp_7_84964012,0.0016546974933028867
1,snp_2_91635413,0.001653913232620354
797,snp_17_103839,0.001647273789630798
739,snp_17_21228605,0.001642596734174891
615,snp_17_25278216,0.0016413209523982362
112,snp_6_31484732,0.0016368001180169145
151,snp_1_88812727,0.001635859795981255
315,snp_4_164556674,0.0016352432161261224
497,snp_11_87097366,0.0016344417152143061
482,snp_7_61816932,0.0016333010010528611
961,snp_6_31326613,0.0016216524916014114
969,snp_4_49287847,0.001619828980949682
716,snp_7_61976068,0.001618952895193143
132,snp_4_190860900,0.0016103201067633156
595,snp_1_143448348,0.0016091933775889502
37,snp_17_65191968,0.0016061654259867208
931,snp_7_26973897,0.0016043740907711451
390,snp_8_4039695,0.0016032980069004214
3,snp_1_17764169,0.0015952057413152864
321,snp_21_10153473,0.0015950181502918488
227,snp_20_47132505,0.0015921523878022845
206,snp_6_71647946,0.0015821823141945724
871,snp_3_143168893,0.0015678446418301148
625,snp_15_49089694,0.0015551005492580637
59,snp_3_50121995,0.0015512610774626758
510,snp_20_29587092,0.001545643801575243
262,snp_2_90451277,0.0015448569545892072
694,snp_13_63617656,0.0015447933834946796
328,snp_3_114638331,0.0015444435277621844
611,snp_9_32730791,0.0015402531474520633
526,snp_1_149574819,0.001537111032266179
978,snp_10_8703762,0.0015367455658134796
891,snp_11_87102080,0.0015328584199436903
668,snp_7_57921203,0.0015322523416674903
539,snp_8_4713810,0.0015294772587620355
630,snp_17_22245017,0.0015157628988469714
302,snp_18_15180798,0.0015123769778884692
531,snp_18_15085619,0.0015099587711956753
122,snp_2_166522930,0.001509095511003949
820,snp_18_76130387,0.0015043316539067643
323,snp_9_68403886,0.0014884435172992665
7,snp_7_116910447,0.0014812100737313636
792,snp_16_103517,0.001477028198933915
621,snp_12_68585237,0.0014756936050646637
40,snp_10_42670060,0.001471700002553269
245,snp_5_126021935,0.0014657982331800089
191,snp_20_53403490,0.0014645970741597155
836,snp_16_1235792,0.001457716243363459
297,snp_20_4813937,0.0014524539203076782
676,snp_3_83999564,0.0014485513987669747
784,snp_21_9971066,0.0014461272059858544
130,snp_4_144896338,0.0014392871360278247
270,snp_1_85023237,0.0014368968290169356
333,snp_13_100042644,0.0014303883844204082
650,snp_5_75228232,0.0014300358755021912
785,snp_5_108779801,0.0014265131041450946
120,snp_1_202135137,0.001420380806537292
427,snp_12_53198899,0.0014163170979493817
229,snp_1_144015041,0.0014054488690418566
604,snp_8_70813844,0.001404488808406986
589,snp_20_62720190,0.0014040862010228068
184,snp_2_92315886,0.001395774292460702
371,snp_13_113643975,0.0013932788273301666
926,snp_3_80324492,0.0013930681029085735
277,snp_9_99986764,0.0013913185288659477
878,snp_11_77659727,0.001384941879442664
773,snp_11_26066615,0.00137703228481289
226,snp_4_97916536,0.0013734499791785155
893,snp_13_42113805,0.0013685843753919278
684,snp_2_91599280,0.0013677563314108286
543,snp_21_10141911,0.0013656875272447136
752,snp_10_76303284,0.001359478243979436
195,snp_7_61835688,0.0013580248464521117
33,snp_3_75790820,0.0013514661110084374
635,snp_9_68504240,0.0013513910460290417
572,snp_3_162471646,0.0013434664082850752
63,snp_1_121372560,0.001334261862499794
476,snp_1_121376135,0.001331321853267703
266,snp_11_87110849,0.001329951746809477
845,snp_12_38502943,0.001329332984482396
21,snp_1_154878500,0.0013174947423238773
358,snp_2_230373622,0.001316413227494235
953,snp_2_2869243,0.0013133550485207152
925,snp_1_48874129,0.0013107025907603696
973,snp_2_236228364,0.00130826561716293
360,snp_21_11027735,0.001305030716466654
12,snp_15_85468137,0.0013049260476243841
740,snp_2_135610007,0.0012925539378612601
899,snp_4_68837742,0.001291697577917161
887,snp_17_20784107_1,0.0012564149979789004
995,snp_20_26104019,0.0012521634540506603
85,snp_11_114760067,0.001246578091743448
578,snp_14_107105503,0.0012447373789205031
466,snp_16_33918547,0.0012425733983199472
241,snp_1_142575129,0.001230797188321888
699,snp_18_75359004,0.0012305767722412555
1000,AGE,0.0012285377741913398
999,snp_20_25734788,0.0012162607050412897
624,snp_19_27733559,0.0012157282060794661
883,snp_18_18513400,0.0012111254792464133
373,snp_2_92315350,0.0012058582274903245
176,snp_21_10153520,0.0012038286189384136
661,snp_7_61971642_1,0.0012036494697203553
750,snp_3_129359012,0.0012027756462128093
163,snp_6_95646228,0.0012000363626112616
778,snp_7_61800922,0.0011984840507967302
937,snp_10_76112590,0.0011882939750104179
910,snp_4_128561751,0.0011866699007367749
711,snp_4_187034388,0.001181016325831438
596,snp_10_42395049,0.0011800846264166985
387,snp_10_76407287,0.0011786987714945683
610,snp_7_61667804,0.0011758327388842744
161,snp_4_49602599,0.0011705998748118179
382,snp_9_106406987,0.0011690435694089564
242,snp_3_40632555,0.0011659224190766332
492,snp_2_132812839,0.0011627247624042356
602,snp_12_41767965,0.0011609864623309415
945,snp_16_33965812,0.0011494079354069646
231,snp_10_12818121,0.0011488250803474308
972,snp_4_190830473,0.001145060283121287
45,snp_6_95669569,0.0011369153723302574
295,snp_4_49098849,0.0011298408952629742
51,snp_17_16067382,0.0011275357903580692
456,snp_2_92315350_1,0.001126135358892658
479,snp_1_86002669,0.001106891626833567
763,snp_2_135666945,0.0011012266527766989
446,snp_1_237254730,0.0010971265278872807
283,snp_9_66507197,0.0010967651506656173
299,snp_16_32850062,0.00108408730586193
209,snp_7_61077251,0.00107941338551389
386,snp_18_14869074,0.0010768497782151789
735,snp_10_15653813,0.0010756591976200092
741,snp_10_42378779,0.0010741095694541914
192,snp_6_95661404,0.0010735057073450443
964,snp_4_117175645,0.0010713974761661065
641,snp_1_17002499,0.0010686903460742085
880,snp_2_95525540,0.0010683846332858887
424,snp_19_15784799,0.0010675860132030634
663,snp_8_7404949,0.0010595927303743084
619,snp_16_8216409,0.0010587167369701827
221,snp_2_92305939,0.0010580545320321901
847,snp_3_75912708,0.0010574072913177906
946,snp_16_33965813,0.0010558314391525018
753,snp_4_190656764,0.0010533311760200239
158,snp_6_57529708,0.001052814498806087
569,snp_3_74679297,0.0010524957388907779
768,snp_20_26251980,0.0010416538213453169
447,snp_6_88461128,0.0010388802202222019
550,snp_18_75398008,0.00102810660083545
703,snp_20_24853428,0.001026936201142141
561,snp_4_174916149,0.001026338695482765
631,snp_17_22245018,0.0010191626196152453
17,snp_3_75679619,0.0010185544368981325
780,snp_8_96636221,0.0010161128755782236
574,snp_3_129347585,0.0010134400931786731
341,snp_17_25278217,0.0009880152631984674
747,snp_17_22249835,0.0009874165919252864
148,snp_15_71708610,0.0009868369121548393
353,snp_7_62322613,0.0009864678223773916
643,snp_13_109449334,0.0009749532578854443
997,snp_1_143276644,0.0009724743768594323
500,snp_20_26058013,0.0009720200213000049
970,snp_5_109351988,0.0009717838298561246
200,snp_2_176623311,0.0009704087663421495
19,snp_2_209699852,0.0009554682850819708
415,snp_16_32828346,0.0009546565262792832
666,snp_3_75764436,0.000943990649175303
38,snp_17_20769690,0.000936722317438642
682,snp_7_152568711,0.0009257903965696214
653,snp_20_26235263,0.0009251500846968363
930,snp_10_60444660,0.0009214061824884528
818,snp_7_57922694,0.0009093255522972189
462,snp_21_10134992,0.0009005820976514912
762,snp_10_107428762_1,0.0009004492499214343
707,snp_19_27737779,0.000894081579206034
110,snp_22_25226663,0.0008893088816980485
80,snp_19_4035923,0.000887991232288227
963,snp_10_61094304,0.0008838052214561271
322,snp_3_80316867,0.0008776774858763298
516,snp_19_24078236,0.0008652469095830979
686,snp_21_10030769,0.0008570379347353562
738,snp_7_57905772,0.0008543203097590568
461,snp_20_26142995,0.0008412947752670321
452,snp_5_38862425,0.0008332401124205035
100,snp_6_170775637,0.0008315167698276098
126,snp_6_81512921,0.00083077840492774
581,snp_18_14182707,0.0008294193499755354
865,snp_9_69470434,0.0008239420888647743
509,snp_16_32438807,0.0008219342902225289
623,snp_12_9649812,0.0008184143241173787
160,snp_20_62757785,0.0008119177530480574
472,snp_16_46415496,0.0008027370768106909
695,snp_2_90372081,0.0007939710565647213
230,snp_16_32843557,0.0007929713337487619
715,snp_10_61131384,0.0007602657105613845
364,snp_8_70815608,0.0007495372487089477
532,snp_18_65913836,0.0007381118052172564
920,snp_16_29632744,0.0007324075018923241
111,snp_8_133434812,0.0007036955341091401
647,snp_15_56608492,0.0007015221105494872
934,snp_19_27870797,0.0006901703448249473
167,snp_5_123738925,0.000662451606726323
654,snp_16_86713635,0.0006520172988869567
914,snp_9_68694865,0.0006349227224237013
819,snp_5_61894207,0.000634746003188771
455,snp_2_92315349,0.0006316801541551698
622,snp_4_49622591,0.0006247181187568468
180,snp_20_44386382,0.0006217407291643297
658,snp_21_10156703,0.000620358870624795
877,snp_18_15173962,0.0006199901528220901
583,snp_4_179783753,0.0006140542716390564
375,snp_6_119078646,0.0006120549527437296
517,snp_4_98200886,0.0006086881083465362
409,snp_2_76751510,0.0006035901679286614
675,snp_4_190198736,0.0005871032239000625
182,snp_4_190840322,0.0005776211432844925
915,snp_18_15169034,0.0005601972509124533
343,snp_9_78821235,0.0005547423280957922
992,snp_6_37571581,0.0005518940340938926
812,snp_9_78822412,0.0005379510776140452
731,snp_5_107679341,0.0005238282512764373
986,snp_6_57432511,0.0005185725936688575
730,snp_8_1879973,0.0005034061555889348
357,snp_6_81091642,0.0005007458634804203
291,snp_4_190876955,0.0004971171800769879
758,snp_4_172986805,0.0004932503434402965
194,snp_9_67791029,0.000491364508775267
393,snp_20_22976046,0.0004806897647013612
814,snp_17_21547110,0.0004718771432773691
381,snp_9_33798073,0.0004718214355157119
833,snp_18_75320841,0.00045411581406224144
9,snp_3_75912490,0.0004465518097207053
247,snp_10_42380751,0.000405885214511514
777,snp_4_49180986,0.00040203548954607053
125,snp_2_83696199,0.0003506345476566019
164,snp_21_22610877,0.0003459703232616886
58,snp_9_27901523,0.00033470789419529675
913,snp_9_21946196,0.00032066341245475563
72,snp_16_2007386,0.0003122202327676244
143,snp_11_68902740,0.00030257214799207793
588,snp_6_36344829,0.0002916221163719108
514,snp_2_219971530,0.0002844136299491689
34,snp_3_74772047,0.0002612642813878246
491,snp_10_63805168,0.0002506316789706469
733,snp_3_114638415,0.00023984686731928824
929,snp_16_62783842,0.0001916125016320242
571,snp_18_75435897,0.0001838347940418548
146,snp_3_3782668,0.00016152946058086077
903,snp_11_68899450,0.0001513895786312884
236,snp_15_44861299,0.0001437752772075627
710,snp_19_15784799_1,0.00013157331086140528
395,snp_5_75220835,0.00010367560780631724
798,snp_16_18029324,9.485274555802644e-05
533,snp_5_12995938,9.457609154366209e-05
756,snp_5_123411080,7.63586541290693e-05
218,snp_16_22835324,6.266042306376365e-05
39,snp_11_8222552,5.3145686649216375e-05
303,snp_18_29755075,3.9537168723564e-05
869,snp_2_76699249,2.3554111079378194e-05
988,snp_9_1667961,2.1938162259465794e-05
380,snp_8_20035945,6.242700616965595e-06
207,snp_8_96479250,0.0
892,snp_10_66813184,0.0
27,snp_19_45860157,0.0
199,snp_10_64591249,0.0
187,snp_10_66864416,0.0
198,snp_16_14063860,0.0
987,snp_19_5147864,0.0
28,snp_10_66790532,0.0
188,snp_4_189363499,0.0
32,snp_18_29758507,0.0
185,snp_17_11305371,0.0
29,snp_10_2847215,0.0
31,snp_2_83681303,0.0
984,snp_1_28265165,0.0
105,snp_20_24831146,0.0
210,snp_8_9394871,0.0
11,snp_7_78732800,0.0
282,snp_1_83758864,0.0
8,snp_18_56742728,0.0
281,snp_16_2394832,0.0
275,snp_16_18765355,0.0
268,snp_10_108808535,0.0
257,snp_19_4546004,0.0
255,snp_18_29762480,0.0
249,snp_8_37202618,0.0
998,snp_16_9536673,0.0
874,snp_10_131686390,0.0
240,snp_10_22459957,0.0
238,snp_3_96250606,0.0
15,snp_9_140296542,0.0
211,snp_19_32504936,0.0
234,snp_6_121073528,0.0
233,snp_18_29774776,0.0
881,snp_18_29754675,0.0
20,snp_11_110920906,0.0
225,snp_15_27676596,0.0
223,snp_1_149408204,0.0
22,snp_10_123125444,0.0
219,snp_9_38279948,0.0
215,snp_1_38934871,0.0
888,snp_10_64615759,0.0
25,snp_3_33980894,0.0
181,snp_5_51124422,0.0
42,snp_19_19365233,0.0
171,snp_3_3745392,0.0
902,snp_13_24718135,0.0
91,snp_3_86097061,0.0
83,snp_15_78361173,0.0
935,snp_20_11817669,0.0
86,snp_22_45280273,0.0
289,snp_8_84943467,0.0
124,snp_10_132556328,0.0
939,snp_6_37047011,0.0
88,snp_3_75343128,0.0
90,snp_3_86097067,0.0
940,snp_3_83721732,0.0
123,snp_15_24591383,0.0
121,snp_1_152285789,0.0
76,snp_10_63567742,0.0
117,snp_3_74931582,0.0
944,snp_5_38722363,0.0
116,snp_19_4980982,0.0
115,snp_4_172578583,0.0
114,snp_10_94166253,0.0
113,snp_20_12203985,0.0
951,snp_19_56561120,0.0
103,snp_19_40937160,0.0
108,snp_9_21948639,0.0
106,snp_4_68509113,0.0
127,snp_20_10566682,0.0
965,snp_5_127750603,0.0
976,snp_2_98333598,0.0
918,snp_10_132560815,0.0
178,snp_7_38477073,0.0
906,snp_10_22347127,0.0
175,snp_3_124845764,0.0
49,snp_5_81360433,0.0
166,snp_10_66809166,0.0
56,snp_1_152255404,0.0
912,snp_21_18746599,0.0
64,snp_1_209147965,0.0
66,snp_4_95889514,0.0
157,snp_13_26574243,0.0
156,snp_10_132560540,0.0
932,snp_5_10882426,0.0
68,snp_3_74676813,0.0
155,snp_3_45750731,0.0
154,snp_8_9167827,0.0
153,snp_15_24618453,0.0
149,snp_14_39509238,0.0
927,snp_1_158166397,0.0
141,snp_3_86567571,0.0
73,snp_15_78153736,0.0
966,snp_15_62833740,0.0
136,snp_10_132563999,0.0
667,snp_3_75764437,0.0
834,snp_13_74682115,0.0
292,snp_16_14095497,0.0
729,snp_10_123191820,0.0
744,snp_5_75230977,0.0
511,snp_10_131690573,0.0
737,snp_4_97934669,0.0
736,snp_3_75105173,0.0
545,snp_11_2858547,0.0
549,snp_2_203762650,0.0
728,snp_7_111370265,0.0
463,snp_3_5574766,0.0
551,snp_1_26921907,0.0
726,snp_4_97933605,0.0
725,snp_15_24591729,0.0
552,snp_14_39498219,0.0
553,snp_6_21606648,0.0
555,snp_17_11312635,0.0
508,snp_15_24561590,0.0
507,snp_1_83758875,0.0
505,snp_5_71064155,0.0
749,snp_16_14008839,0.0
495,snp_3_101226767,0.0
751,snp_10_61219610,0.0
493,snp_20_10411415,0.0
488,snp_18_10413506,0.0
755,snp_1_10895904,0.0
483,snp_10_2842100,0.0
759,snp_20_10544584,0.0
477,snp_6_65389190,0.0
470,snp_20_24838576,0.0
764,snp_21_11058226,0.0
469,snp_18_77365992,0.0
468,snp_19_32543912,0.0
767,snp_1_239472058,0.0
562,snp_18_21655669,0.0
566,snp_16_14027938,0.0
570,snp_3_74679298,0.0
612,snp_9_32730792,0.0
664,snp_11_97227369,0.0
657,snp_17_15868329,0.0
674,snp_10_61119416,0.0
655,snp_21_34506464,0.0
678,snp_2_95642808,0.0
648,snp_10_56485658,0.0
639,snp_5_127815045,0.0
638,snp_10_116532517,0.0
629,snp_10_61246637,0.0
626,snp_15_71506852,0.0
689,snp_4_181784702,0.0
690,snp_3_74669407,0.0
692,snp_3_33376660,0.0
614,snp_2_95612894,0.0
608,snp_19_23093093,0.0
579,snp_18_29762997,0.0
697,snp_6_120756365,0.0
606,snp_6_45924966,0.0
605,snp_19_5190973,0.0
603,snp_5_81873095,0.0
701,snp_13_100003066,0.0
601,snp_6_170653258,0.0
591,snp_4_138909352,0.0
704,snp_19_34109339,0.0
706,snp_18_29775998,0.0
587,snp_10_61084367,0.0
582,snp_15_78367776,0.0
712,snp_11_68894908,0.0
713,snp_11_68894909,0.0
580,snp_8_37417160,0.0
465,snp_2_77748781,0.0
772,snp_9_707064,0.0
294,snp_1_28174526,0.0
347,snp_10_61112521,0.0
840,snp_19_5187017,0.0
839,snp_10_124502623,0.0
344,snp_16_83680776,0.0
345,snp_10_66737523,0.0
346,snp_10_61167232,0.0
669,snp_20_10093257,0.0
350,snp_18_29764767,0.0
458,snp_2_219971526,0.0
830,snp_1_28168031,0.0
354,snp_8_133427936,0.0
827,snp_2_10247322,0.0
826,snp_3_86630917,0.0
825,snp_15_34163723,0.0
367,snp_13_77010027,0.0
342,snp_8_80259779,0.0
842,snp_10_63804249,0.0
331,snp_5_51161015,0.0
329,snp_4_31852586,0.0
325,snp_5_86514035,0.0
324,snp_1_28261682,0.0
320,snp_1_152274259,0.0
849,snp_10_61108674,0.0
316,snp_16_19717582,0.0
309,snp_14_36490375,0.0
852,snp_10_108833976,0.0
306,snp_15_77393780,0.0
854,snp_11_120855337,0.0
305,snp_1_24057357,0.0
301,snp_18_29754492,0.0
300,snp_4_125261530,0.0
298,snp_14_54291181,0.0
368,snp_4_97933367,0.0
821,snp_1_235650369,0.0
370,snp_1_158195988,0.0
414,snp_7_156787327,0.0
775,snp_2_96381093,0.0
450,snp_1_156839022,0.0
448,snp_21_27744437,0.0
445,snp_6_37545157,0.0
441,snp_5_13011775,0.0
782,snp_3_123912059,0.0
436,snp_3_45357312,0.0
430,snp_16_13998276,0.0
429,snp_7_10411201,0.0
786,snp_4_13693978,0.0
422,snp_17_12395848,0.0
788,snp_9_1678137,0.0
420,snp_10_61094267,0.0
790,snp_7_129408594,0.0
793,snp_18_29761954,0.0
378,snp_19_5325548,0.0
413,snp_10_21990585,0.0
795,snp_18_29770751,0.0
410,snp_21_34424410,0.0
408,snp_17_72720155,0.0
405,snp_10_132976716,0.0
398,snp_19_32424928,0.0
802,snp_3_86048371,0.0
394,snp_19_4576534,0.0
806,snp_11_68890034,0.0
807,snp_7_30630491,0.0
391,snp_8_4039697,0.0
389,snp_3_86458621,0.0
383,snp_20_22999172,0.0
811,snp_20_22971680,0.0
0,snp_8_133462953,0.0
